uncle	https://image.pollinations.ai/prompt/professional%20realistic%20photograph%2C%20DSLR%2C%20soft%20natural%20light%2C%20plain%20neutral%20background%2C%20sharp%20focus%2C%20photorealistic%2C%20fully%20clothed%2C%20modest%20clothing%2C%20natural%20anatomy%2C%20correct%20hands%2C%20no%20text%2C%20no%20watermark%2C%20one%20adult%20man%20standing%20next%20to%20one%20boy%2C%20both%20full%20body%2C%20standing%20apart%20side%20by%20side%2C%20both%20faces%20clearly%20visible?width=1024&height=1024&nologo=true&seed=41000&model=flux
aunt	https://image.pollinations.ai/prompt/professional%20realistic%20photograph%2C%20DSLR%2C%20soft%20natural%20light%2C%20plain%20neutral%20background%2C%20sharp%20focus%2C%20photorealistic%2C%20fully%20clothed%2C%20modest%20clothing%2C%20natural%20anatomy%2C%20correct%20hands%2C%20no%20text%2C%20no%20watermark%2C%20one%20adult%20woman%20standing%20next%20to%20one%20girl%2C%20both%20full%20body%2C%20standing%20apart%20side%20by%20side%2C%20both%20faces%20clearly%20visible?width=1024&height=1024&nologo=true&seed=41001&model=flux
twins	https://image.pollinations.ai/prompt/professional%20realistic%20photograph%2C%20DSLR%2C%20soft%20natural%20light%2C%20plain%20neutral%20background%2C%20sharp%20focus%2C%20photorealistic%2C%20fully%20clothed%2C%20modest%20clothing%2C%20natural%20anatomy%2C%20correct%20hands%2C%20no%20text%2C%20no%20watermark%2C%20two%20identical%20baby%20boys%20in%20white%20clothes%20sitting%20apart%20side%20by%20side%20on%20a%20plain%20blanket%2C%20full%20body?width=1024&height=1024&nologo=true&seed=41002&model=flux
family	https://image.pollinations.ai/prompt/professional%20realistic%20photograph%2C%20DSLR%2C%20natural%20daylight%2C%20sharp%20focus%2C%20photorealistic%2C%20no%20readable%20text%2C%20all%20signs%20blank%2C%20no%20watermark%2C%20no%20logo%2C%20no%20cartoon%2C%20a%20family%20of%20four%20standing%20in%20a%20row%20outdoors%2C%20full%20body%2C%20clearly%20separated%2C%20wide%20shot?width=1024&height=1024&nologo=true&seed=41003&model=flux
parents	https://image.pollinations.ai/prompt/professional%20realistic%20photograph%2C%20DSLR%2C%20soft%20natural%20light%2C%20plain%20neutral%20background%2C%20sharp%20focus%2C%20photorealistic%2C%20fully%20clothed%2C%20modest%20clothing%2C%20natural%20anatomy%2C%20correct%20hands%2C%20no%20text%2C%20no%20watermark%2C%20one%20mother%20and%20one%20father%20standing%20side%20by%20side%20smiling%2C%20full%20body%2C%20no%20children?width=1024&height=1024&nologo=true&seed=41004&model=flux
group	https://image.pollinations.ai/prompt/professional%20realistic%20photograph%2C%20DSLR%2C%20natural%20daylight%2C%20sharp%20focus%2C%20photorealistic%2C%20no%20readable%20text%2C%20all%20signs%20blank%2C%20no%20watermark%2C%20no%20logo%2C%20no%20cartoon%2C%20five%20people%20standing%20in%20a%20row%20outdoors%2C%20full%20body%2C%20clearly%20separated%2C%20wide%20shot?width=1024&height=1024&nologo=true&seed=41005&model=flux
team	https://image.pollinations.ai/prompt/professional%20realistic%20photograph%2C%20DSLR%2C%20natural%20daylight%2C%20sharp%20focus%2C%20photorealistic%2C%20no%20readable%20text%2C%20all%20signs%20blank%2C%20no%20watermark%2C%20no%20logo%2C%20no%20cartoon%2C%20a%20football%20team%20in%20matching%20jerseys%20standing%20in%20one%20straight%20row%20on%20a%20pitch%2C%20full%20body%2C%20wide%20shot?width=1024&height=1024&nologo=true&seed=41006&model=flux
birthday	https://image.pollinations.ai/prompt/professional%20realistic%20photograph%2C%20single%20real%20object%2C%20DSLR%2C%20soft%20studio%20light%2C%20plain%20neutral%20light%20grey%20background%2C%20centered%2C%20sharp%20focus%2C%20high%20detail%2C%20no%20text%2C%20no%20letters%2C%20no%20watermark%2C%20no%20logo%2C%20no%20illustration%2C%20no%20cartoon%2C%20photorealistic%2C%20a%20birthday%20cake%20with%20lit%20candles%20on%20a%20table?width=1024&height=1024&nologo=true&seed=41007&model=flux
music	https://image.pollinations.ai/prompt/professional%20realistic%20photograph%2C%20single%20real%20object%2C%20DSLR%2C%20soft%20studio%20light%2C%20plain%20neutral%20light%20grey%20background%2C%20centered%2C%20sharp%20focus%2C%20high%20detail%2C%20no%20text%2C%20no%20letters%2C%20no%20watermark%2C%20no%20logo%2C%20no%20illustration%2C%20no%20cartoon%2C%20photorealistic%2C%20a%20pair%20of%20headphones%20next%20to%20a%20guitar%20and%20sheet%20music?width=1024&height=1024&nologo=true&seed=41008&model=flux
game	https://image.pollinations.ai/prompt/professional%20realistic%20photograph%2C%20single%20real%20object%2C%20DSLR%2C%20soft%20studio%20light%2C%20plain%20neutral%20light%20grey%20background%2C%20centered%2C%20sharp%20focus%2C%20high%20detail%2C%20no%20text%2C%20no%20letters%2C%20no%20watermark%2C%20no%20logo%2C%20no%20illustration%2C%20no%20cartoon%2C%20photorealistic%2C%20a%20board%20game%20with%20dice%20and%20coloured%20pieces%20on%20a%20table?width=1024&height=1024&nologo=true&seed=41009&model=flux
price	https://image.pollinations.ai/prompt/professional%20realistic%20photograph%2C%20single%20real%20object%2C%20DSLR%2C%20soft%20studio%20light%2C%20plain%20neutral%20light%20grey%20background%2C%20centered%2C%20sharp%20focus%2C%20high%20detail%2C%20no%20text%2C%20no%20letters%2C%20no%20watermark%2C%20no%20logo%2C%20no%20illustration%2C%20no%20cartoon%2C%20photorealistic%2C%20a%20blank%20paper%20price%20tag%20tied%20with%20string%20to%20a%20product?width=1024&height=1024&nologo=true&seed=41010&model=flux
sale	https://image.pollinations.ai/prompt/professional%20realistic%20photograph%2C%20DSLR%2C%20natural%20daylight%2C%20sharp%20focus%2C%20photorealistic%2C%20no%20readable%20text%2C%20all%20signs%20blank%2C%20no%20watermark%2C%20no%20logo%2C%20no%20cartoon%2C%20a%20shop%20window%20with%20a%20large%20blank%20red%20sale%20sign%20board?width=1024&height=1024&nologo=true&seed=41011&model=flux
list	https://image.pollinations.ai/prompt/professional%20realistic%20photograph%2C%20single%20real%20object%2C%20DSLR%2C%20soft%20studio%20light%2C%20plain%20neutral%20light%20grey%20background%2C%20centered%2C%20sharp%20focus%2C%20high%20detail%2C%20no%20text%2C%20no%20letters%2C%20no%20watermark%2C%20no%20logo%2C%20no%20illustration%2C%20no%20cartoon%2C%20photorealistic%2C%20a%20handwritten%20shopping%20list%20on%20a%20notepad%20with%20a%20pen?width=1024&height=1024&nologo=true&seed=41012&model=flux
t-shirt	https://image.pollinations.ai/prompt/professional%20realistic%20photograph%2C%20single%20real%20object%2C%20DSLR%2C%20soft%20studio%20light%2C%20plain%20neutral%20light%20grey%20background%2C%20centered%2C%20sharp%20focus%2C%20high%20detail%2C%20no%20text%2C%20no%20letters%2C%20no%20watermark%2C%20no%20logo%2C%20no%20illustration%2C%20no%20cartoon%2C%20photorealistic%2C%20a%20single%20plain%20folded%20cotton%20t-shirt?width=1024&height=1024&nologo=true&seed=41013&model=flux
kilo	https://image.pollinations.ai/prompt/professional%20realistic%20photograph%2C%20single%20real%20object%2C%20DSLR%2C%20soft%20studio%20light%2C%20plain%20neutral%20light%20grey%20background%2C%20centered%2C%20sharp%20focus%2C%20high%20detail%2C%20no%20text%2C%20no%20letters%2C%20no%20watermark%2C%20no%20logo%2C%20no%20illustration%2C%20no%20cartoon%2C%20photorealistic%2C%20a%20kitchen%20weighing%20scale%20with%20metal%20weights%20beside%20it?width=1024&height=1024&nologo=true&seed=41014&model=flux
corner	https://image.pollinations.ai/prompt/professional%20realistic%20photograph%2C%20DSLR%2C%20natural%20daylight%2C%20sharp%20focus%2C%20photorealistic%2C%20no%20readable%20text%2C%20all%20signs%20blank%2C%20no%20watermark%2C%20no%20logo%2C%20no%20cartoon%2C%20a%20street%20corner%20where%20two%20city%20roads%20meet%2C%20buildings%20on%20both%20sides?width=1024&height=1024&nologo=true&seed=41015&model=flux
sick	https://image.pollinations.ai/prompt/professional%20realistic%20photograph%2C%20DSLR%2C%20soft%20natural%20light%2C%20plain%20neutral%20background%2C%20sharp%20focus%2C%20photorealistic%2C%20fully%20clothed%2C%20modest%20clothing%2C%20natural%20anatomy%2C%20correct%20hands%2C%20no%20text%2C%20no%20watermark%2C%20a%20person%20lying%20in%20bed%20under%20a%20blanket%20holding%20a%20thermometer%2C%20unwell?width=1024&height=1024&nologo=true&seed=41016&model=flux
tired	https://image.pollinations.ai/prompt/professional%20realistic%20photograph%2C%20DSLR%2C%20soft%20natural%20light%2C%20plain%20neutral%20background%2C%20sharp%20focus%2C%20photorealistic%2C%20fully%20clothed%2C%20modest%20clothing%2C%20natural%20anatomy%2C%20correct%20hands%2C%20no%20text%2C%20no%20watermark%2C%20a%20person%20yawning%20at%20a%20desk%2C%20rubbing%20their%20eyes%2C%20exhausted?width=1024&height=1024&nologo=true&seed=41017&model=flux
appointment	https://image.pollinations.ai/prompt/professional%20realistic%20photograph%2C%20DSLR%2C%20natural%20daylight%2C%20sharp%20focus%2C%20photorealistic%2C%20no%20readable%20text%2C%20all%20signs%20blank%2C%20no%20watermark%2C%20no%20logo%2C%20no%20cartoon%2C%20a%20doctors%20waiting%20room%20with%20chairs%20and%20a%20reception%20desk?width=1024&height=1024&nologo=true&seed=41018&model=flux
accident	https://image.pollinations.ai/prompt/professional%20realistic%20photograph%2C%20DSLR%2C%20natural%20daylight%2C%20sharp%20focus%2C%20photorealistic%2C%20no%20readable%20text%2C%20all%20signs%20blank%2C%20no%20watermark%2C%20no%20logo%2C%20no%20cartoon%2C%20a%20damaged%20car%20with%20a%20dented%20front%20on%20a%20road%20after%20a%20crash?width=1024&height=1024&nologo=true&seed=41019&model=flux
danger	https://image.pollinations.ai/prompt/professional%20realistic%20photograph%2C%20single%20real%20object%2C%20DSLR%2C%20soft%20studio%20light%2C%20plain%20neutral%20light%20grey%20background%2C%20centered%2C%20sharp%20focus%2C%20high%20detail%2C%20no%20text%2C%20no%20letters%2C%20no%20watermark%2C%20no%20logo%2C%20no%20illustration%2C%20no%20cartoon%2C%20photorealistic%2C%20a%20bright%20yellow%20triangular%20warning%20sign%20on%20a%20post%2C%20blank%20symbol?width=1024&height=1024&nologo=true&seed=41020&model=flux
weather	https://image.pollinations.ai/prompt/professional%20realistic%20photograph%2C%20DSLR%2C%20natural%20daylight%2C%20sharp%20focus%2C%20photorealistic%2C%20no%20readable%20text%2C%20all%20signs%20blank%2C%20no%20watermark%2C%20no%20logo%2C%20no%20cartoon%2C%20a%20wide%20sky%20with%20sun%2C%20white%20clouds%20and%20distant%20rain?width=1024&height=1024&nologo=true&seed=41021&model=flux
world	https://image.pollinations.ai/prompt/professional%20realistic%20photograph%2C%20single%20real%20object%2C%20DSLR%2C%20soft%20studio%20light%2C%20plain%20neutral%20light%20grey%20background%2C%20centered%2C%20sharp%20focus%2C%20high%20detail%2C%20no%20text%2C%20no%20letters%2C%20no%20watermark%2C%20no%20logo%2C%20no%20illustration%2C%20no%20cartoon%2C%20photorealistic%2C%20a%20detailed%20world%20globe%20on%20a%20stand?width=1024&height=1024&nologo=true&seed=41022&model=flux
smile	https://image.pollinations.ai/prompt/professional%20realistic%20photograph%2C%20DSLR%2C%20soft%20natural%20light%2C%20plain%20neutral%20background%2C%20sharp%20focus%2C%20photorealistic%2C%20fully%20clothed%2C%20modest%20clothing%2C%20natural%20anatomy%2C%20correct%20hands%2C%20no%20text%2C%20no%20watermark%2C%20a%20close-up%20of%20a%20happy%20person%20smiling%20widely%2C%20portrait?width=1024&height=1024&nologo=true&seed=41023&model=flux
morning	https://image.pollinations.ai/prompt/professional%20realistic%20photograph%2C%20DSLR%2C%20natural%20daylight%2C%20sharp%20focus%2C%20photorealistic%2C%20no%20readable%20text%2C%20all%20signs%20blank%2C%20no%20watermark%2C%20no%20logo%2C%20no%20cartoon%2C%20a%20sunrise%20over%20a%20quiet%20green%20field%2C%20early%20morning%20light?width=1024&height=1024&nologo=true&seed=41024&model=flux
afternoon	https://image.pollinations.ai/prompt/professional%20realistic%20photograph%2C%20DSLR%2C%20natural%20daylight%2C%20sharp%20focus%2C%20photorealistic%2C%20no%20readable%20text%2C%20all%20signs%20blank%2C%20no%20watermark%2C%20no%20logo%2C%20no%20cartoon%2C%20a%20bright%20sunny%20midday%20street%20with%20short%20shadows?width=1024&height=1024&nologo=true&seed=41025&model=flux
evening	https://image.pollinations.ai/prompt/professional%20realistic%20photograph%2C%20DSLR%2C%20natural%20daylight%2C%20sharp%20focus%2C%20photorealistic%2C%20no%20readable%20text%2C%20all%20signs%20blank%2C%20no%20watermark%2C%20no%20logo%2C%20no%20cartoon%2C%20a%20warm%20orange%20sunset%20over%20a%20calm%20town%20skyline?width=1024&height=1024&nologo=true&seed=41026&model=flux
night	https://image.pollinations.ai/prompt/professional%20realistic%20photograph%2C%20DSLR%2C%20natural%20daylight%2C%20sharp%20focus%2C%20photorealistic%2C%20no%20readable%20text%2C%20all%20signs%20blank%2C%20no%20watermark%2C%20no%20logo%2C%20no%20cartoon%2C%20a%20dark%20night%20sky%20full%20of%20stars%20over%20a%20quiet%20landscape?width=1024&height=1024&nologo=true&seed=41027&model=flux
