wifi	https://image.pollinations.ai/prompt/professional%20realistic%20photograph%2C%20single%20real%20object%2C%20DSLR%2C%20soft%20studio%20light%2C%20plain%20neutral%20light%20grey%20background%2C%20centered%2C%20sharp%20focus%2C%20high%20detail%2C%20no%20text%2C%20no%20letters%2C%20no%20watermark%2C%20no%20logo%2C%20no%20illustration%2C%20no%20cartoon%2C%20photorealistic%2C%20a%20white%20wireless%20internet%20router%20with%20three%20antennas%20standing%20on%20a%20desk?width=1024&height=1024&nologo=true&seed=21000&model=flux
temperature	https://image.pollinations.ai/prompt/professional%20realistic%20photograph%2C%20single%20real%20object%2C%20DSLR%2C%20soft%20studio%20light%2C%20plain%20neutral%20light%20grey%20background%2C%20centered%2C%20sharp%20focus%2C%20high%20detail%2C%20no%20text%2C%20no%20letters%2C%20no%20watermark%2C%20no%20logo%2C%20no%20illustration%2C%20no%20cartoon%2C%20photorealistic%2C%20a%20digital%20medical%20thermometer%20lying%20on%20a%20white%20surface?width=1024&height=1024&nologo=true&seed=21001&model=flux
weight	https://image.pollinations.ai/prompt/professional%20realistic%20photograph%2C%20single%20real%20object%2C%20DSLR%2C%20soft%20studio%20light%2C%20plain%20neutral%20light%20grey%20background%2C%20centered%2C%20sharp%20focus%2C%20high%20detail%2C%20no%20text%2C%20no%20letters%2C%20no%20watermark%2C%20no%20logo%2C%20no%20illustration%2C%20no%20cartoon%2C%20photorealistic%2C%20a%20white%20bathroom%20weighing%20scale%20standing%20on%20a%20tiled%20floor?width=1024&height=1024&nologo=true&seed=21002&model=flux
podcast	https://image.pollinations.ai/prompt/professional%20realistic%20photograph%2C%20single%20real%20object%2C%20DSLR%2C%20soft%20studio%20light%2C%20plain%20neutral%20light%20grey%20background%2C%20centered%2C%20sharp%20focus%2C%20high%20detail%2C%20no%20text%2C%20no%20letters%2C%20no%20watermark%2C%20no%20logo%2C%20no%20illustration%2C%20no%20cartoon%2C%20photorealistic%2C%20a%20large%20silver%20studio%20microphone%20on%20a%20boom%20arm%20with%20black%20headphones%20beside%20it?width=1024&height=1024&nologo=true&seed=21003&model=flux
link	https://image.pollinations.ai/prompt/professional%20realistic%20photograph%2C%20single%20real%20object%2C%20DSLR%2C%20soft%20studio%20light%2C%20plain%20neutral%20light%20grey%20background%2C%20centered%2C%20sharp%20focus%2C%20high%20detail%2C%20no%20text%2C%20no%20letters%2C%20no%20watermark%2C%20no%20logo%2C%20no%20illustration%2C%20no%20cartoon%2C%20photorealistic%2C%20a%20close-up%20of%20two%20connected%20steel%20chain%20links?width=1024&height=1024&nologo=true&seed=21004&model=flux
network	https://image.pollinations.ai/prompt/professional%20realistic%20photograph%2C%20single%20real%20object%2C%20DSLR%2C%20soft%20studio%20light%2C%20plain%20neutral%20light%20grey%20background%2C%20centered%2C%20sharp%20focus%2C%20high%20detail%2C%20no%20text%2C%20no%20letters%2C%20no%20watermark%2C%20no%20logo%2C%20no%20illustration%2C%20no%20cartoon%2C%20photorealistic%2C%20a%20server%20rack%20filled%20with%20many%20colourful%20ethernet%20network%20cables?width=1024&height=1024&nologo=true&seed=21005&model=flux
report	https://image.pollinations.ai/prompt/professional%20realistic%20photograph%2C%20single%20real%20object%2C%20DSLR%2C%20soft%20studio%20light%2C%20plain%20neutral%20light%20grey%20background%2C%20centered%2C%20sharp%20focus%2C%20high%20detail%2C%20no%20text%2C%20no%20letters%2C%20no%20watermark%2C%20no%20logo%2C%20no%20illustration%2C%20no%20cartoon%2C%20photorealistic%2C%20a%20printed%20business%20report%20on%20a%20desk%20showing%20bar%20charts%20and%20graphs?width=1024&height=1024&nologo=true&seed=21006&model=flux
currency	https://image.pollinations.ai/prompt/professional%20realistic%20photograph%2C%20single%20real%20object%2C%20DSLR%2C%20soft%20studio%20light%2C%20plain%20neutral%20light%20grey%20background%2C%20centered%2C%20sharp%20focus%2C%20high%20detail%2C%20no%20text%2C%20no%20letters%2C%20no%20watermark%2C%20no%20logo%2C%20no%20illustration%2C%20no%20cartoon%2C%20photorealistic%2C%20a%20pile%20of%20paper%20banknotes%20and%20metal%20coins%20of%20different%20countries?width=1024&height=1024&nologo=true&seed=21007&model=flux
collecting	https://image.pollinations.ai/prompt/professional%20realistic%20photograph%2C%20single%20real%20object%2C%20DSLR%2C%20soft%20studio%20light%2C%20plain%20neutral%20light%20grey%20background%2C%20centered%2C%20sharp%20focus%2C%20high%20detail%2C%20no%20text%2C%20no%20letters%2C%20no%20watermark%2C%20no%20logo%2C%20no%20illustration%2C%20no%20cartoon%2C%20photorealistic%2C%20an%20open%20stamp%20album%20with%20rows%20of%20postage%20stamps%20and%20old%20coins%20beside%20it?width=1024&height=1024&nologo=true&seed=21008&model=flux
budget	https://image.pollinations.ai/prompt/professional%20realistic%20photograph%2C%20single%20real%20object%2C%20DSLR%2C%20soft%20studio%20light%2C%20plain%20neutral%20light%20grey%20background%2C%20centered%2C%20sharp%20focus%2C%20high%20detail%2C%20no%20text%2C%20no%20letters%2C%20no%20watermark%2C%20no%20logo%2C%20no%20illustration%2C%20no%20cartoon%2C%20photorealistic%2C%20a%20notebook%20page%20of%20handwritten%20numbers%20next%20to%20a%20pocket%20calculator?width=1024&height=1024&nologo=true&seed=21009&model=flux
guarantee	https://image.pollinations.ai/prompt/professional%20realistic%20photograph%2C%20single%20real%20object%2C%20DSLR%2C%20soft%20studio%20light%2C%20plain%20neutral%20light%20grey%20background%2C%20centered%2C%20sharp%20focus%2C%20high%20detail%2C%20no%20text%2C%20no%20letters%2C%20no%20watermark%2C%20no%20logo%2C%20no%20illustration%2C%20no%20cartoon%2C%20photorealistic%2C%20an%20official%20certificate%20on%20paper%20with%20a%20gold%20seal%20and%20a%20red%20ribbon?width=1024&height=1024&nologo=true&seed=21010&model=flux
fuel	https://image.pollinations.ai/prompt/professional%20realistic%20photograph%2C%20single%20real%20object%2C%20DSLR%2C%20soft%20studio%20light%2C%20plain%20neutral%20light%20grey%20background%2C%20centered%2C%20sharp%20focus%2C%20high%20detail%2C%20no%20text%2C%20no%20letters%2C%20no%20watermark%2C%20no%20logo%2C%20no%20illustration%2C%20no%20cartoon%2C%20photorealistic%2C%20a%20red%20petrol%20pump%20nozzle%20held%20at%20a%20car%20fuel%20tank%20at%20a%20petrol%20station?width=1024&height=1024&nologo=true&seed=21011&model=flux
floor	https://image.pollinations.ai/prompt/professional%20realistic%20photograph%2C%20single%20real%20object%2C%20DSLR%2C%20soft%20studio%20light%2C%20plain%20neutral%20light%20grey%20background%2C%20centered%2C%20sharp%20focus%2C%20high%20detail%2C%20no%20text%2C%20no%20letters%2C%20no%20watermark%2C%20no%20logo%2C%20no%20illustration%2C%20no%20cartoon%2C%20photorealistic%2C%20a%20lift%20elevator%20button%20panel%20with%20round%20numbered%20buttons?width=1024&height=1024&nologo=true&seed=21012&model=flux
discount	https://image.pollinations.ai/prompt/professional%20realistic%20photograph%2C%20single%20real%20object%2C%20DSLR%2C%20soft%20studio%20light%2C%20plain%20neutral%20light%20grey%20background%2C%20centered%2C%20sharp%20focus%2C%20high%20detail%2C%20no%20text%2C%20no%20letters%2C%20no%20watermark%2C%20no%20logo%2C%20no%20illustration%2C%20no%20cartoon%2C%20photorealistic%2C%20a%20bright%20red%20percentage%20discount%20price%20tag%20hanging%20on%20a%20shirt?width=1024&height=1024&nologo=true&seed=21013&model=flux
headline	https://image.pollinations.ai/prompt/professional%20realistic%20photograph%2C%20single%20real%20object%2C%20DSLR%2C%20soft%20studio%20light%2C%20plain%20neutral%20light%20grey%20background%2C%20centered%2C%20sharp%20focus%2C%20high%20detail%2C%20no%20text%2C%20no%20letters%2C%20no%20watermark%2C%20no%20logo%2C%20no%20illustration%2C%20no%20cartoon%2C%20photorealistic%2C%20a%20stack%20of%20folded%20printed%20newspapers%20on%20a%20table?width=1024&height=1024&nologo=true&seed=21014&model=flux
message	https://image.pollinations.ai/prompt/professional%20realistic%20photograph%2C%20single%20real%20object%2C%20DSLR%2C%20soft%20studio%20light%2C%20plain%20neutral%20light%20grey%20background%2C%20centered%2C%20sharp%20focus%2C%20high%20detail%2C%20no%20text%2C%20no%20letters%2C%20no%20watermark%2C%20no%20logo%2C%20no%20illustration%2C%20no%20cartoon%2C%20photorealistic%2C%20a%20smartphone%20held%20in%20a%20hand%20showing%20a%20chat%20with%20green%20speech%20bubbles?width=1024&height=1024&nologo=true&seed=21015&model=flux
post	https://image.pollinations.ai/prompt/professional%20realistic%20photograph%2C%20single%20real%20object%2C%20DSLR%2C%20soft%20studio%20light%2C%20plain%20neutral%20light%20grey%20background%2C%20centered%2C%20sharp%20focus%2C%20high%20detail%2C%20no%20text%2C%20no%20letters%2C%20no%20watermark%2C%20no%20logo%2C%20no%20illustration%2C%20no%20cartoon%2C%20photorealistic%2C%20a%20smartphone%20screen%20showing%20a%20social%20media%20photo%20post%20with%20a%20heart%20icon?width=1024&height=1024&nologo=true&seed=21016&model=flux
comment	https://image.pollinations.ai/prompt/professional%20realistic%20photograph%2C%20single%20real%20object%2C%20DSLR%2C%20soft%20studio%20light%2C%20plain%20neutral%20light%20grey%20background%2C%20centered%2C%20sharp%20focus%2C%20high%20detail%2C%20no%20text%2C%20no%20letters%2C%20no%20watermark%2C%20no%20logo%2C%20no%20illustration%2C%20no%20cartoon%2C%20photorealistic%2C%20a%20smartphone%20screen%20showing%20several%20speech%20bubble%20comments%20under%20a%20photo?width=1024&height=1024&nologo=true&seed=21017&model=flux
contact	https://image.pollinations.ai/prompt/professional%20realistic%20photograph%2C%20single%20real%20object%2C%20DSLR%2C%20soft%20studio%20light%2C%20plain%20neutral%20light%20grey%20background%2C%20centered%2C%20sharp%20focus%2C%20high%20detail%2C%20no%20text%2C%20no%20letters%2C%20no%20watermark%2C%20no%20logo%2C%20no%20illustration%2C%20no%20cartoon%2C%20photorealistic%2C%20a%20smartphone%20screen%20showing%20an%20address%20book%20contact%20list%20with%20photo%20avatars?width=1024&height=1024&nologo=true&seed=21018&model=flux
account	https://image.pollinations.ai/prompt/professional%20realistic%20photograph%2C%20single%20real%20object%2C%20DSLR%2C%20soft%20studio%20light%2C%20plain%20neutral%20light%20grey%20background%2C%20centered%2C%20sharp%20focus%2C%20high%20detail%2C%20no%20text%2C%20no%20letters%2C%20no%20watermark%2C%20no%20logo%2C%20no%20illustration%2C%20no%20cartoon%2C%20photorealistic%2C%20a%20computer%20login%20screen%20showing%20a%20round%20user%20avatar%20icon%20and%20a%20padlock?width=1024&height=1024&nologo=true&seed=21019&model=flux
service	https://image.pollinations.ai/prompt/professional%20realistic%20photograph%2C%20DSLR%2C%20natural%20daylight%2C%20sharp%20focus%2C%20photorealistic%2C%20no%20readable%20text%2C%20no%20letters%2C%20all%20signs%20blank%2C%20no%20watermark%2C%20no%20logo%2C%20no%20cartoon%2C%20a%20waiter%20in%20a%20white%20uniform%20carrying%20a%20tray%20of%20food%20to%20a%20restaurant%20table?width=1024&height=1024&nologo=true&seed=21020&model=flux
bargain	https://image.pollinations.ai/prompt/professional%20realistic%20photograph%2C%20DSLR%2C%20natural%20daylight%2C%20sharp%20focus%2C%20photorealistic%2C%20no%20readable%20text%2C%20no%20letters%2C%20all%20signs%20blank%2C%20no%20watermark%2C%20no%20logo%2C%20no%20cartoon%2C%20a%20buyer%20and%20a%20seller%20shaking%20hands%20over%20goods%20at%20a%20market%20stall?width=1024&height=1024&nologo=true&seed=21021&model=flux
audience	https://image.pollinations.ai/prompt/professional%20realistic%20photograph%2C%20DSLR%2C%20natural%20daylight%2C%20sharp%20focus%2C%20photorealistic%2C%20no%20readable%20text%2C%20no%20letters%2C%20all%20signs%20blank%2C%20no%20watermark%2C%20no%20logo%2C%20no%20cartoon%2C%20rows%20of%20seated%20people%20in%20a%20theatre%20clapping%20and%20watching%20a%20show?width=1024&height=1024&nologo=true&seed=21022&model=flux
advertisement	https://image.pollinations.ai/prompt/professional%20realistic%20photograph%2C%20DSLR%2C%20natural%20daylight%2C%20sharp%20focus%2C%20photorealistic%2C%20no%20readable%20text%2C%20no%20letters%2C%20all%20signs%20blank%2C%20no%20watermark%2C%20no%20logo%2C%20no%20cartoon%2C%20a%20huge%20blank%20white%20empty%20billboard%20standing%20beside%20a%20city%20road?width=1024&height=1024&nologo=true&seed=21023&model=flux
firm	https://image.pollinations.ai/prompt/professional%20realistic%20photograph%2C%20DSLR%2C%20natural%20daylight%2C%20sharp%20focus%2C%20photorealistic%2C%20no%20readable%20text%2C%20no%20letters%2C%20all%20signs%20blank%2C%20no%20watermark%2C%20no%20logo%2C%20no%20cartoon%2C%20a%20modern%20glass%20office%20tower%20photographed%20from%20the%20street%20looking%20up?width=1024&height=1024&nologo=true&seed=21024&model=flux
climate	https://image.pollinations.ai/prompt/professional%20realistic%20photograph%2C%20DSLR%2C%20natural%20daylight%2C%20sharp%20focus%2C%20photorealistic%2C%20no%20readable%20text%2C%20no%20letters%2C%20all%20signs%20blank%2C%20no%20watermark%2C%20no%20logo%2C%20no%20cartoon%2C%20dry%20cracked%20desert%20ground%20under%20a%20blazing%20sun%2C%20heat%20haze?width=1024&height=1024&nologo=true&seed=21025&model=flux
government	https://image.pollinations.ai/prompt/professional%20realistic%20photograph%2C%20DSLR%2C%20natural%20daylight%2C%20sharp%20focus%2C%20photorealistic%2C%20no%20readable%20text%2C%20no%20letters%2C%20all%20signs%20blank%2C%20no%20watermark%2C%20no%20logo%2C%20no%20cartoon%2C%20a%20grand%20classical%20government%20building%20with%20tall%20columns%20and%20flags%20outside?width=1024&height=1024&nologo=true&seed=21026&model=flux
charity	https://image.pollinations.ai/prompt/professional%20realistic%20photograph%2C%20DSLR%2C%20natural%20daylight%2C%20sharp%20focus%2C%20photorealistic%2C%20no%20readable%20text%2C%20no%20letters%2C%20all%20signs%20blank%2C%20no%20watermark%2C%20no%20logo%2C%20no%20cartoon%2C%20hands%20dropping%20coins%20and%20banknotes%20into%20a%20cardboard%20donation%20box?width=1024&height=1024&nologo=true&seed=21027&model=flux
announcement	https://image.pollinations.ai/prompt/professional%20realistic%20photograph%2C%20DSLR%2C%20natural%20daylight%2C%20sharp%20focus%2C%20photorealistic%2C%20no%20readable%20text%2C%20no%20letters%2C%20all%20signs%20blank%2C%20no%20watermark%2C%20no%20logo%2C%20no%20cartoon%2C%20a%20person%20in%20a%20jacket%20speaking%20into%20a%20handheld%20megaphone%20outdoors?width=1024&height=1024&nologo=true&seed=21028&model=flux
campaign	https://image.pollinations.ai/prompt/professional%20realistic%20photograph%2C%20DSLR%2C%20natural%20daylight%2C%20sharp%20focus%2C%20photorealistic%2C%20no%20readable%20text%2C%20no%20letters%2C%20all%20signs%20blank%2C%20no%20watermark%2C%20no%20logo%2C%20no%20cartoon%2C%20a%20crowd%20of%20people%20outdoors%20holding%20up%20completely%20blank%20white%20placards?width=1024&height=1024&nologo=true&seed=21029&model=flux
law	https://image.pollinations.ai/prompt/professional%20realistic%20photograph%2C%20single%20real%20object%2C%20DSLR%2C%20soft%20studio%20light%2C%20plain%20neutral%20light%20grey%20background%2C%20centered%2C%20sharp%20focus%2C%20high%20detail%2C%20no%20text%2C%20no%20letters%2C%20no%20watermark%2C%20no%20logo%2C%20no%20illustration%2C%20no%20cartoon%2C%20photorealistic%2C%20a%20wooden%20judges%20gavel%20resting%20on%20its%20round%20wooden%20sound%20block%20on%20a%20desk?width=1024&height=1024&nologo=true&seed=21030&model=flux
skin	https://image.pollinations.ai/prompt/professional%20realistic%20photograph%2C%20single%20real%20object%2C%20DSLR%2C%20soft%20studio%20light%2C%20plain%20neutral%20light%20grey%20background%2C%20centered%2C%20sharp%20focus%2C%20high%20detail%2C%20no%20text%2C%20no%20letters%2C%20no%20watermark%2C%20no%20logo%2C%20no%20illustration%2C%20no%20cartoon%2C%20photorealistic%2C%20a%20close-up%20of%20the%20back%20of%20a%20healthy%20human%20hand%2C%20skin%20texture?width=1024&height=1024&nologo=true&seed=21031&model=flux
ache	https://image.pollinations.ai/prompt/professional%20realistic%20photograph%2C%20DSLR%2C%20soft%20natural%20light%2C%20sharp%20focus%2C%20photorealistic%2C%20fully%20clothed%2C%20modest%20clothing%2C%20no%20text%2C%20no%20watermark%2C%20a%20fully%20clothed%20person%20in%20a%20jumper%20pressing%20both%20hands%20to%20their%20lower%20back%20in%20pain?width=1024&height=1024&nologo=true&seed=21032&model=flux
cramp	https://image.pollinations.ai/prompt/professional%20realistic%20photograph%2C%20DSLR%2C%20soft%20natural%20light%2C%20sharp%20focus%2C%20photorealistic%2C%20fully%20clothed%2C%20modest%20clothing%2C%20no%20text%2C%20no%20watermark%2C%20a%20runner%20in%20a%20tracksuit%20sitting%20on%20a%20running%20track%20gripping%20their%20calf%20through%20the%20fabric?width=1024&height=1024&nologo=true&seed=21033&model=flux
injury	https://image.pollinations.ai/prompt/professional%20realistic%20photograph%2C%20single%20real%20object%2C%20DSLR%2C%20soft%20studio%20light%2C%20plain%20neutral%20light%20grey%20background%2C%20centered%2C%20sharp%20focus%2C%20high%20detail%2C%20no%20text%2C%20no%20letters%2C%20no%20watermark%2C%20no%20logo%2C%20no%20illustration%2C%20no%20cartoon%2C%20photorealistic%2C%20a%20knee%20wrapped%20in%20a%20clean%20white%20medical%20bandage%2C%20trouser%20leg%20rolled%20up?width=1024&height=1024&nologo=true&seed=21034&model=flux
offer	https://image.pollinations.ai/prompt/professional%20realistic%20photograph%2C%20DSLR%2C%20natural%20daylight%2C%20sharp%20focus%2C%20photorealistic%2C%20no%20readable%20text%2C%20no%20letters%2C%20all%20signs%20blank%2C%20no%20watermark%2C%20no%20logo%2C%20no%20cartoon%2C%20a%20shop%20window%20with%20a%20large%20blank%20red%20sale%20sign%20board%2C%20no%20writing?width=1024&height=1024&nologo=true&seed=21035&model=flux
