story	https://image.pollinations.ai/prompt/professional%20realistic%20photograph%2C%20single%20real%20object%2C%20DSLR%2C%20soft%20studio%20light%2C%20plain%20neutral%20light%20grey%20background%2C%20centered%2C%20sharp%20focus%2C%20high%20detail%2C%20no%20text%2C%20no%20watermark%2C%20no%20logo%2C%20no%20illustration%2C%20no%20cartoon%2C%20photorealistic%2C%20an%20open%20storybook%20with%20illustrated%20pages%20on%20a%20table?width=1024&height=1024&nologo=true&seed=7000&model=flux
adventure	https://image.pollinations.ai/prompt/professional%20realistic%20photograph%2C%20DSLR%2C%20natural%20daylight%2C%20sharp%20focus%2C%20photorealistic%2C%20no%20readable%20text%2C%20all%20signs%20blank%2C%20no%20watermark%2C%20no%20logo%2C%20no%20cartoon%2C%20a%20hiker%20with%20a%20backpack%20standing%20on%20a%20mountain%20ridge%20looking%20out?width=1024&height=1024&nologo=true&seed=7001&model=flux
holiday	https://image.pollinations.ai/prompt/professional%20realistic%20photograph%2C%20DSLR%2C%20natural%20daylight%2C%20sharp%20focus%2C%20photorealistic%2C%20no%20readable%20text%2C%20all%20signs%20blank%2C%20no%20watermark%2C%20no%20logo%2C%20no%20cartoon%2C%20a%20sunny%20tropical%20beach%20with%20palm%20trees%20and%20a%20sun%20lounger?width=1024&height=1024&nologo=true&seed=7002&model=flux
childhood	https://image.pollinations.ai/prompt/professional%20realistic%20photograph%2C%20DSLR%2C%20natural%20daylight%2C%20sharp%20focus%2C%20photorealistic%2C%20no%20readable%20text%2C%20all%20signs%20blank%2C%20no%20watermark%2C%20no%20logo%2C%20no%20cartoon%2C%20young%20children%20playing%20happily%20together%20outdoors?width=1024&height=1024&nologo=true&seed=7003&model=flux
event	https://image.pollinations.ai/prompt/professional%20realistic%20photograph%2C%20DSLR%2C%20natural%20daylight%2C%20sharp%20focus%2C%20photorealistic%2C%20no%20readable%20text%2C%20all%20signs%20blank%2C%20no%20watermark%2C%20no%20logo%2C%20no%20cartoon%2C%20a%20crowd%20celebrating%20at%20an%20outdoor%20party%20with%20lights%20and%20balloons?width=1024&height=1024&nologo=true&seed=7004&model=flux
dream	https://image.pollinations.ai/prompt/professional%20realistic%20photograph%2C%20DSLR%2C%20natural%20daylight%2C%20sharp%20focus%2C%20photorealistic%2C%20no%20readable%20text%2C%20all%20signs%20blank%2C%20no%20watermark%2C%20no%20logo%2C%20no%20cartoon%2C%20a%20person%20sleeping%20peacefully%20in%20bed%20at%20night?width=1024&height=1024&nologo=true&seed=7005&model=flux
trip	https://image.pollinations.ai/prompt/professional%20realistic%20photograph%2C%20single%20real%20object%2C%20DSLR%2C%20soft%20studio%20light%2C%20plain%20neutral%20light%20grey%20background%2C%20centered%2C%20sharp%20focus%2C%20high%20detail%2C%20no%20text%2C%20no%20watermark%2C%20no%20logo%2C%20no%20illustration%2C%20no%20cartoon%2C%20photorealistic%2C%20a%20packed%20suitcase%20and%20travel%20items%20ready%20by%20a%20door?width=1024&height=1024&nologo=true&seed=7006&model=flux
boss	https://image.pollinations.ai/prompt/professional%20realistic%20portrait%20photograph%2C%20DSLR%2C%20soft%20natural%20light%2C%20plain%20neutral%20background%2C%20warm%20friendly%2C%20sharp%20focus%2C%20photorealistic%2C%20no%20text%2C%20no%20watermark%2C%20a%20confident%20manager%20in%20a%20suit%20standing%20in%20a%20modern%20office?width=1024&height=1024&nologo=true&seed=7007&model=flux
owner	https://image.pollinations.ai/prompt/professional%20realistic%20photograph%2C%20DSLR%2C%20natural%20daylight%2C%20sharp%20focus%2C%20photorealistic%2C%20no%20readable%20text%2C%20all%20signs%20blank%2C%20no%20watermark%2C%20no%20logo%2C%20no%20cartoon%2C%20a%20proud%20small%20shop%20owner%20standing%20in%20the%20doorway%20of%20their%20shop?width=1024&height=1024&nologo=true&seed=7008&model=flux
member	https://image.pollinations.ai/prompt/professional%20realistic%20portrait%20photograph%2C%20DSLR%2C%20soft%20natural%20light%2C%20plain%20neutral%20background%2C%20warm%20friendly%2C%20sharp%20focus%2C%20photorealistic%2C%20no%20text%2C%20no%20watermark%2C%20a%20person%20holding%20a%20membership%20card%2C%20smiling?width=1024&height=1024&nologo=true&seed=7009&model=flux
housework	https://image.pollinations.ai/prompt/professional%20realistic%20photograph%2C%20DSLR%2C%20natural%20daylight%2C%20sharp%20focus%2C%20photorealistic%2C%20no%20readable%20text%2C%20all%20signs%20blank%2C%20no%20watermark%2C%20no%20logo%2C%20no%20cartoon%2C%20a%20person%20vacuuming%20and%20tidying%20a%20living%20room?width=1024&height=1024&nologo=true&seed=7010&model=flux
laundry	https://image.pollinations.ai/prompt/professional%20realistic%20photograph%2C%20single%20real%20object%2C%20DSLR%2C%20soft%20studio%20light%2C%20plain%20neutral%20light%20grey%20background%2C%20centered%2C%20sharp%20focus%2C%20high%20detail%2C%20no%20text%2C%20no%20watermark%2C%20no%20logo%2C%20no%20illustration%2C%20no%20cartoon%2C%20photorealistic%2C%20a%20basket%20full%20of%20folded%20clean%20laundry%20next%20to%20a%20washing%20machine?width=1024&height=1024&nologo=true&seed=7011&model=flux
mess	https://image.pollinations.ai/prompt/professional%20realistic%20photograph%2C%20DSLR%2C%20natural%20daylight%2C%20sharp%20focus%2C%20photorealistic%2C%20no%20readable%20text%2C%20all%20signs%20blank%2C%20no%20watermark%2C%20no%20logo%2C%20no%20cartoon%2C%20a%20very%20untidy%20messy%20bedroom%20with%20clothes%20and%20objects%20scattered?width=1024&height=1024&nologo=true&seed=7012&model=flux
schedule	https://image.pollinations.ai/prompt/professional%20realistic%20photograph%2C%20single%20real%20object%2C%20DSLR%2C%20soft%20studio%20light%2C%20plain%20neutral%20light%20grey%20background%2C%20centered%2C%20sharp%20focus%2C%20high%20detail%2C%20no%20text%2C%20no%20watermark%2C%20no%20logo%2C%20no%20illustration%2C%20no%20cartoon%2C%20photorealistic%2C%20a%20weekly%20wall%20planner%20calendar%20with%20colourful%20markings?width=1024&height=1024&nologo=true&seed=7013&model=flux
nap	https://image.pollinations.ai/prompt/professional%20realistic%20photograph%2C%20DSLR%2C%20natural%20daylight%2C%20sharp%20focus%2C%20photorealistic%2C%20no%20readable%20text%2C%20all%20signs%20blank%2C%20no%20watermark%2C%20no%20logo%2C%20no%20cartoon%2C%20a%20person%20taking%20a%20short%20nap%20on%20a%20sofa%20in%20the%20afternoon?width=1024&height=1024&nologo=true&seed=7014&model=flux
series	https://image.pollinations.ai/prompt/professional%20realistic%20photograph%2C%20DSLR%2C%20natural%20daylight%2C%20sharp%20focus%2C%20photorealistic%2C%20no%20readable%20text%2C%20all%20signs%20blank%2C%20no%20watermark%2C%20no%20logo%2C%20no%20cartoon%2C%20a%20television%20screen%20showing%20a%20drama%20series%20in%20a%20living%20room?width=1024&height=1024&nologo=true&seed=7015&model=flux
diary	https://image.pollinations.ai/prompt/professional%20realistic%20photograph%2C%20single%20real%20object%2C%20DSLR%2C%20soft%20studio%20light%2C%20plain%20neutral%20light%20grey%20background%2C%20centered%2C%20sharp%20focus%2C%20high%20detail%2C%20no%20text%2C%20no%20watermark%2C%20no%20logo%2C%20no%20illustration%2C%20no%20cartoon%2C%20photorealistic%2C%20an%20open%20personal%20diary%20notebook%20with%20a%20pen?width=1024&height=1024&nologo=true&seed=7016&model=flux
evening_walk	https://image.pollinations.ai/prompt/professional%20realistic%20photograph%2C%20DSLR%2C%20natural%20daylight%2C%20sharp%20focus%2C%20photorealistic%2C%20no%20readable%20text%2C%20all%20signs%20blank%2C%20no%20watermark%2C%20no%20logo%2C%20no%20cartoon%2C%20a%20person%20walking%20along%20a%20park%20path%20at%20sunset?width=1024&height=1024&nologo=true&seed=7017&model=flux
carton	https://image.pollinations.ai/prompt/professional%20realistic%20photograph%2C%20single%20real%20object%2C%20DSLR%2C%20soft%20studio%20light%2C%20plain%20neutral%20light%20grey%20background%2C%20centered%2C%20sharp%20focus%2C%20high%20detail%2C%20no%20text%2C%20no%20watermark%2C%20no%20logo%2C%20no%20illustration%2C%20no%20cartoon%2C%20photorealistic%2C%20a%20cardboard%20carton%20of%20milk?width=1024&height=1024&nologo=true&seed=7018&model=flux
packet	https://image.pollinations.ai/prompt/professional%20realistic%20photograph%2C%20single%20real%20object%2C%20DSLR%2C%20soft%20studio%20light%2C%20plain%20neutral%20light%20grey%20background%2C%20centered%2C%20sharp%20focus%2C%20high%20detail%2C%20no%20text%2C%20no%20watermark%2C%20no%20logo%2C%20no%20illustration%2C%20no%20cartoon%2C%20photorealistic%2C%20a%20sealed%20food%20packet%20bag%20of%20crisps?width=1024&height=1024&nologo=true&seed=7019&model=flux
piece	https://image.pollinations.ai/prompt/professional%20realistic%20photograph%2C%20single%20real%20object%2C%20DSLR%2C%20soft%20studio%20light%2C%20plain%20neutral%20light%20grey%20background%2C%20centered%2C%20sharp%20focus%2C%20high%20detail%2C%20no%20text%2C%20no%20watermark%2C%20no%20logo%2C%20no%20illustration%2C%20no%20cartoon%2C%20photorealistic%2C%20a%20single%20slice%20of%20cake%20on%20a%20plate?width=1024&height=1024&nologo=true&seed=7020&model=flux
bunch	https://image.pollinations.ai/prompt/professional%20realistic%20photograph%2C%20single%20real%20object%2C%20DSLR%2C%20soft%20studio%20light%2C%20plain%20neutral%20light%20grey%20background%2C%20centered%2C%20sharp%20focus%2C%20high%20detail%2C%20no%20text%2C%20no%20watermark%2C%20no%20logo%2C%20no%20illustration%2C%20no%20cartoon%2C%20photorealistic%2C%20a%20large%20bunch%20of%20purple%20grapes?width=1024&height=1024&nologo=true&seed=7021&model=flux
loaf	https://image.pollinations.ai/prompt/professional%20realistic%20photograph%2C%20single%20real%20object%2C%20DSLR%2C%20soft%20studio%20light%2C%20plain%20neutral%20light%20grey%20background%2C%20centered%2C%20sharp%20focus%2C%20high%20detail%2C%20no%20text%2C%20no%20watermark%2C%20no%20logo%2C%20no%20illustration%2C%20no%20cartoon%2C%20photorealistic%2C%20a%20whole%20loaf%20of%20fresh%20bread?width=1024&height=1024&nologo=true&seed=7022&model=flux
jar	https://image.pollinations.ai/prompt/professional%20realistic%20photograph%2C%20single%20real%20object%2C%20DSLR%2C%20soft%20studio%20light%2C%20plain%20neutral%20light%20grey%20background%2C%20centered%2C%20sharp%20focus%2C%20high%20detail%2C%20no%20text%2C%20no%20watermark%2C%20no%20logo%2C%20no%20illustration%2C%20no%20cartoon%2C%20photorealistic%2C%20a%20glass%20jar%20of%20honey%20with%20the%20lid%20on?width=1024&height=1024&nologo=true&seed=7023&model=flux
spoonful	https://image.pollinations.ai/prompt/professional%20realistic%20photograph%2C%20single%20real%20object%2C%20DSLR%2C%20soft%20studio%20light%2C%20plain%20neutral%20light%20grey%20background%2C%20centered%2C%20sharp%20focus%2C%20high%20detail%2C%20no%20text%2C%20no%20watermark%2C%20no%20logo%2C%20no%20illustration%2C%20no%20cartoon%2C%20photorealistic%2C%20a%20spoon%20heaped%20full%20of%20sugar?width=1024&height=1024&nologo=true&seed=7024&model=flux
journey	https://image.pollinations.ai/prompt/professional%20realistic%20photograph%2C%20DSLR%2C%20natural%20daylight%2C%20sharp%20focus%2C%20photorealistic%2C%20no%20readable%20text%2C%20all%20signs%20blank%2C%20no%20watermark%2C%20no%20logo%2C%20no%20cartoon%2C%20a%20long%20empty%20road%20stretching%20towards%20distant%20mountains?width=1024&height=1024&nologo=true&seed=7025&model=flux
tour	https://image.pollinations.ai/prompt/professional%20realistic%20photograph%2C%20DSLR%2C%20natural%20daylight%2C%20sharp%20focus%2C%20photorealistic%2C%20no%20readable%20text%2C%20all%20signs%20blank%2C%20no%20watermark%2C%20no%20logo%2C%20no%20cartoon%2C%20a%20group%20of%20tourists%20with%20a%20guide%20at%20a%20landmark?width=1024&height=1024&nologo=true&seed=7026&model=flux
departure	https://image.pollinations.ai/prompt/professional%20realistic%20photograph%2C%20DSLR%2C%20natural%20daylight%2C%20sharp%20focus%2C%20photorealistic%2C%20no%20readable%20text%2C%20all%20signs%20blank%2C%20no%20watermark%2C%20no%20logo%2C%20no%20cartoon%2C%20a%20passenger%20aeroplane%20taking%20off%20from%20a%20runway?width=1024&height=1024&nologo=true&seed=7027&model=flux
arrival	https://image.pollinations.ai/prompt/professional%20realistic%20photograph%2C%20DSLR%2C%20natural%20daylight%2C%20sharp%20focus%2C%20photorealistic%2C%20no%20readable%20text%2C%20all%20signs%20blank%2C%20no%20watermark%2C%20no%20logo%2C%20no%20cartoon%2C%20a%20passenger%20aeroplane%20landing%20at%20an%20airport?width=1024&height=1024&nologo=true&seed=7028&model=flux
delay	https://image.pollinations.ai/prompt/professional%20realistic%20photograph%2C%20DSLR%2C%20natural%20daylight%2C%20sharp%20focus%2C%20photorealistic%2C%20no%20readable%20text%2C%20all%20signs%20blank%2C%20no%20watermark%2C%20no%20logo%2C%20no%20cartoon%2C%20travellers%20waiting%20on%20chairs%20in%20an%20airport%20terminal%2C%20tired?width=1024&height=1024&nologo=true&seed=7029&model=flux
passenger	https://image.pollinations.ai/prompt/professional%20realistic%20portrait%20photograph%2C%20DSLR%2C%20soft%20natural%20light%2C%20plain%20neutral%20background%2C%20warm%20friendly%2C%20sharp%20focus%2C%20photorealistic%2C%20no%20text%2C%20no%20watermark%2C%20a%20traveller%20sitting%20in%20an%20aeroplane%20seat%20looking%20out%20of%20the%20window?width=1024&height=1024&nologo=true&seed=7030&model=flux
customs	https://image.pollinations.ai/prompt/professional%20realistic%20photograph%2C%20DSLR%2C%20natural%20daylight%2C%20sharp%20focus%2C%20photorealistic%2C%20no%20readable%20text%2C%20all%20signs%20blank%2C%20no%20watermark%2C%20no%20logo%2C%20no%20cartoon%2C%20an%20airport%20customs%20inspection%20desk%20with%20luggage?width=1024&height=1024&nologo=true&seed=7031&model=flux
crew	https://image.pollinations.ai/prompt/professional%20realistic%20portrait%20photograph%2C%20DSLR%2C%20soft%20natural%20light%2C%20plain%20neutral%20background%2C%20warm%20friendly%2C%20sharp%20focus%2C%20photorealistic%2C%20no%20text%2C%20no%20watermark%2C%20a%20smiling%20flight%20attendant%20crew%20standing%20in%20an%20aeroplane%20cabin?width=1024&height=1024&nologo=true&seed=7032&model=flux
booking	https://image.pollinations.ai/prompt/professional%20realistic%20photograph%2C%20single%20real%20object%2C%20DSLR%2C%20soft%20studio%20light%2C%20plain%20neutral%20light%20grey%20background%2C%20centered%2C%20sharp%20focus%2C%20high%20detail%2C%20no%20text%2C%20no%20watermark%2C%20no%20logo%2C%20no%20illustration%2C%20no%20cartoon%2C%20photorealistic%2C%20a%20laptop%20showing%20a%20hotel%20reservation%20next%20to%20a%20passport?width=1024&height=1024&nologo=true&seed=7033&model=flux
view	https://image.pollinations.ai/prompt/professional%20realistic%20photograph%2C%20DSLR%2C%20natural%20daylight%2C%20sharp%20focus%2C%20photorealistic%2C%20no%20readable%20text%2C%20all%20signs%20blank%2C%20no%20watermark%2C%20no%20logo%2C%20no%20cartoon%2C%20a%20beautiful%20panoramic%20mountain%20valley%20view?width=1024&height=1024&nologo=true&seed=7034&model=flux
floor	https://image.pollinations.ai/prompt/professional%20realistic%20photograph%2C%20single%20real%20object%2C%20DSLR%2C%20soft%20studio%20light%2C%20plain%20neutral%20light%20grey%20background%2C%20centered%2C%20sharp%20focus%2C%20high%20detail%2C%20no%20text%2C%20no%20watermark%2C%20no%20logo%2C%20no%20illustration%2C%20no%20cartoon%2C%20photorealistic%2C%20a%20lift%20button%20panel%20showing%20numbered%20floors%20in%20a%20building?width=1024&height=1024&nologo=true&seed=7035&model=flux
sightseeing	https://image.pollinations.ai/prompt/professional%20realistic%20photograph%2C%20DSLR%2C%20natural%20daylight%2C%20sharp%20focus%2C%20photorealistic%2C%20no%20readable%20text%2C%20all%20signs%20blank%2C%20no%20watermark%2C%20no%20logo%2C%20no%20cartoon%2C%20tourists%20photographing%20a%20famous%20historic%20monument?width=1024&height=1024&nologo=true&seed=7036&model=flux
distance	https://image.pollinations.ai/prompt/professional%20realistic%20photograph%2C%20DSLR%2C%20natural%20daylight%2C%20sharp%20focus%2C%20photorealistic%2C%20no%20readable%20text%2C%20all%20signs%20blank%2C%20no%20watermark%2C%20no%20logo%2C%20no%20cartoon%2C%20a%20long%20straight%20road%20disappearing%20towards%20the%20horizon?width=1024&height=1024&nologo=true&seed=7037&model=flux
fare	https://image.pollinations.ai/prompt/professional%20realistic%20photograph%2C%20DSLR%2C%20natural%20daylight%2C%20sharp%20focus%2C%20photorealistic%2C%20no%20readable%20text%2C%20all%20signs%20blank%2C%20no%20watermark%2C%20no%20logo%2C%20no%20cartoon%2C%20a%20hand%20paying%20coins%20to%20a%20bus%20driver?width=1024&height=1024&nologo=true&seed=7038&model=flux
route	https://image.pollinations.ai/prompt/professional%20realistic%20photograph%2C%20single%20real%20object%2C%20DSLR%2C%20soft%20studio%20light%2C%20plain%20neutral%20light%20grey%20background%2C%20centered%2C%20sharp%20focus%2C%20high%20detail%2C%20no%20text%2C%20no%20watermark%2C%20no%20logo%2C%20no%20illustration%2C%20no%20cartoon%2C%20photorealistic%2C%20a%20paper%20road%20map%20with%20a%20marked%20route%20and%20a%20pin?width=1024&height=1024&nologo=true&seed=7039&model=flux
traffic	https://image.pollinations.ai/prompt/professional%20realistic%20photograph%2C%20DSLR%2C%20natural%20daylight%2C%20sharp%20focus%2C%20photorealistic%2C%20no%20readable%20text%2C%20all%20signs%20blank%2C%20no%20watermark%2C%20no%20logo%2C%20no%20cartoon%2C%20a%20busy%20city%20street%20full%20of%20cars%20in%20slow%20traffic?width=1024&height=1024&nologo=true&seed=7040&model=flux
passengers	https://image.pollinations.ai/prompt/professional%20realistic%20photograph%2C%20DSLR%2C%20natural%20daylight%2C%20sharp%20focus%2C%20photorealistic%2C%20no%20readable%20text%2C%20all%20signs%20blank%2C%20no%20watermark%2C%20no%20logo%2C%20no%20cartoon%2C%20many%20passengers%20sitting%20inside%20a%20bus?width=1024&height=1024&nologo=true&seed=7041&model=flux
rush_hour	https://image.pollinations.ai/prompt/professional%20realistic%20photograph%2C%20DSLR%2C%20natural%20daylight%2C%20sharp%20focus%2C%20photorealistic%2C%20no%20readable%20text%2C%20all%20signs%20blank%2C%20no%20watermark%2C%20no%20logo%2C%20no%20cartoon%2C%20a%20crowded%20city%20road%20jammed%20with%20cars%20at%20rush%20hour?width=1024&height=1024&nologo=true&seed=7042&model=flux
firm	https://image.pollinations.ai/prompt/professional%20realistic%20photograph%2C%20DSLR%2C%20natural%20daylight%2C%20sharp%20focus%2C%20photorealistic%2C%20no%20readable%20text%2C%20all%20signs%20blank%2C%20no%20watermark%2C%20no%20logo%2C%20no%20cartoon%2C%20a%20modern%20glass%20office%20building%20exterior?width=1024&height=1024&nologo=true&seed=7043&model=flux
meeting	https://image.pollinations.ai/prompt/professional%20realistic%20photograph%2C%20DSLR%2C%20natural%20daylight%2C%20sharp%20focus%2C%20photorealistic%2C%20no%20readable%20text%2C%20all%20signs%20blank%2C%20no%20watermark%2C%20no%20logo%2C%20no%20cartoon%2C%20colleagues%20sitting%20around%20a%20table%20in%20a%20business%20meeting?width=1024&height=1024&nologo=true&seed=7044&model=flux
interview	https://image.pollinations.ai/prompt/professional%20realistic%20photograph%2C%20DSLR%2C%20natural%20daylight%2C%20sharp%20focus%2C%20photorealistic%2C%20no%20readable%20text%2C%20all%20signs%20blank%2C%20no%20watermark%2C%20no%20logo%2C%20no%20cartoon%2C%20a%20job%20interview%2C%20two%20people%20talking%20across%20a%20desk?width=1024&height=1024&nologo=true&seed=7045&model=flux
staff	https://image.pollinations.ai/prompt/professional%20realistic%20portrait%20photograph%2C%20DSLR%2C%20soft%20natural%20light%2C%20plain%20neutral%20background%2C%20warm%20friendly%2C%20sharp%20focus%2C%20photorealistic%2C%20no%20text%2C%20no%20watermark%2C%20a%20team%20of%20employees%20standing%20together%20in%20an%20office?width=1024&height=1024&nologo=true&seed=7046&model=flux
contract	https://image.pollinations.ai/prompt/professional%20realistic%20photograph%2C%20single%20real%20object%2C%20DSLR%2C%20soft%20studio%20light%2C%20plain%20neutral%20light%20grey%20background%2C%20centered%2C%20sharp%20focus%2C%20high%20detail%2C%20no%20text%2C%20no%20watermark%2C%20no%20logo%2C%20no%20illustration%2C%20no%20cartoon%2C%20photorealistic%2C%20a%20printed%20contract%20document%20with%20a%20pen%20ready%20to%20sign?width=1024&height=1024&nologo=true&seed=7047&model=flux
shift	https://image.pollinations.ai/prompt/professional%20realistic%20photograph%2C%20DSLR%2C%20natural%20daylight%2C%20sharp%20focus%2C%20photorealistic%2C%20no%20readable%20text%2C%20all%20signs%20blank%2C%20no%20watermark%2C%20no%20logo%2C%20no%20cartoon%2C%20a%20worker%20checking%20a%20wall%20clock%20at%20the%20start%20of%20their%20shift?width=1024&height=1024&nologo=true&seed=7048&model=flux
deadline	https://image.pollinations.ai/prompt/professional%20realistic%20photograph%2C%20single%20real%20object%2C%20DSLR%2C%20soft%20studio%20light%2C%20plain%20neutral%20light%20grey%20background%2C%20centered%2C%20sharp%20focus%2C%20high%20detail%2C%20no%20text%2C%20no%20watermark%2C%20no%20logo%2C%20no%20illustration%2C%20no%20cartoon%2C%20photorealistic%2C%20a%20desk%20calendar%20with%20a%20date%20circled%20in%20red%20next%20to%20a%20clock?width=1024&height=1024&nologo=true&seed=7049&model=flux
employee	https://image.pollinations.ai/prompt/professional%20realistic%20portrait%20photograph%2C%20DSLR%2C%20soft%20natural%20light%2C%20plain%20neutral%20background%2C%20warm%20friendly%2C%20sharp%20focus%2C%20photorealistic%2C%20no%20text%2C%20no%20watermark%2C%20an%20office%20worker%20at%20a%20desk%20with%20a%20computer%2C%20smiling?width=1024&height=1024&nologo=true&seed=7050&model=flux
report	https://image.pollinations.ai/prompt/professional%20realistic%20photograph%2C%20single%20real%20object%2C%20DSLR%2C%20soft%20studio%20light%2C%20plain%20neutral%20light%20grey%20background%2C%20centered%2C%20sharp%20focus%2C%20high%20detail%2C%20no%20text%2C%20no%20watermark%2C%20no%20logo%2C%20no%20illustration%2C%20no%20cartoon%2C%20photorealistic%2C%20a%20printed%20business%20report%20with%20charts%20on%20a%20desk?width=1024&height=1024&nologo=true&seed=7051&model=flux
document	https://image.pollinations.ai/prompt/professional%20realistic%20photograph%2C%20single%20real%20object%2C%20DSLR%2C%20soft%20studio%20light%2C%20plain%20neutral%20light%20grey%20background%2C%20centered%2C%20sharp%20focus%2C%20high%20detail%2C%20no%20text%2C%20no%20watermark%2C%20no%20logo%2C%20no%20illustration%2C%20no%20cartoon%2C%20photorealistic%2C%20a%20stack%20of%20official%20paper%20documents?width=1024&height=1024&nologo=true&seed=7052&model=flux
presentation	https://image.pollinations.ai/prompt/professional%20realistic%20photograph%2C%20DSLR%2C%20natural%20daylight%2C%20sharp%20focus%2C%20photorealistic%2C%20no%20readable%20text%2C%20all%20signs%20blank%2C%20no%20watermark%2C%20no%20logo%2C%20no%20cartoon%2C%20a%20person%20presenting%20charts%20on%20a%20screen%20to%20colleagues?width=1024&height=1024&nologo=true&seed=7053&model=flux
task	https://image.pollinations.ai/prompt/professional%20realistic%20photograph%2C%20single%20real%20object%2C%20DSLR%2C%20soft%20studio%20light%2C%20plain%20neutral%20light%20grey%20background%2C%20centered%2C%20sharp%20focus%2C%20high%20detail%2C%20no%20text%2C%20no%20watermark%2C%20no%20logo%2C%20no%20illustration%2C%20no%20cartoon%2C%20photorealistic%2C%20a%20paper%20to-do%20checklist%20with%20ticked%20boxes%20and%20a%20pen?width=1024&height=1024&nologo=true&seed=7054&model=flux
project	https://image.pollinations.ai/prompt/professional%20realistic%20photograph%2C%20DSLR%2C%20natural%20daylight%2C%20sharp%20focus%2C%20photorealistic%2C%20no%20readable%20text%2C%20all%20signs%20blank%2C%20no%20watermark%2C%20no%20logo%2C%20no%20cartoon%2C%20a%20team%20planning%20with%20sticky%20notes%20on%20a%20whiteboard?width=1024&height=1024&nologo=true&seed=7055&model=flux
client	https://image.pollinations.ai/prompt/professional%20realistic%20photograph%2C%20DSLR%2C%20natural%20daylight%2C%20sharp%20focus%2C%20photorealistic%2C%20no%20readable%20text%2C%20all%20signs%20blank%2C%20no%20watermark%2C%20no%20logo%2C%20no%20cartoon%2C%20a%20businessperson%20shaking%20hands%20with%20a%20client?width=1024&height=1024&nologo=true&seed=7056&model=flux
career	https://image.pollinations.ai/prompt/professional%20realistic%20photograph%2C%20DSLR%2C%20natural%20daylight%2C%20sharp%20focus%2C%20photorealistic%2C%20no%20readable%20text%2C%20all%20signs%20blank%2C%20no%20watermark%2C%20no%20logo%2C%20no%20cartoon%2C%20a%20person%20in%20business%20clothes%20walking%20confidently%20up%20office%20stairs?width=1024&height=1024&nologo=true&seed=7057&model=flux
skin	https://image.pollinations.ai/prompt/professional%20realistic%20photograph%2C%20single%20real%20object%2C%20DSLR%2C%20soft%20studio%20light%2C%20plain%20neutral%20light%20grey%20background%2C%20centered%2C%20sharp%20focus%2C%20high%20detail%2C%20no%20text%2C%20no%20watermark%2C%20no%20logo%2C%20no%20illustration%2C%20no%20cartoon%2C%20photorealistic%2C%20a%20close-up%20of%20clean%20healthy%20human%20skin%20on%20an%20arm?width=1024&height=1024&nologo=true&seed=7058&model=flux
migraine	https://image.pollinations.ai/prompt/professional%20realistic%20portrait%20photograph%2C%20DSLR%2C%20soft%20natural%20light%2C%20plain%20neutral%20background%2C%20warm%20friendly%2C%20sharp%20focus%2C%20photorealistic%2C%20no%20text%2C%20no%20watermark%2C%20a%20person%20pressing%20both%20temples%20with%20a%20severe%20headache?width=1024&height=1024&nologo=true&seed=7059&model=flux
temperature	https://image.pollinations.ai/prompt/professional%20realistic%20photograph%2C%20single%20real%20object%2C%20DSLR%2C%20soft%20studio%20light%2C%20plain%20neutral%20light%20grey%20background%2C%20centered%2C%20sharp%20focus%2C%20high%20detail%2C%20no%20text%2C%20no%20watermark%2C%20no%20logo%2C%20no%20illustration%2C%20no%20cartoon%2C%20photorealistic%2C%20a%20digital%20medical%20thermometer%20showing%20a%20reading?width=1024&height=1024&nologo=true&seed=7060&model=flux
cramp	https://image.pollinations.ai/prompt/professional%20realistic%20portrait%20photograph%2C%20DSLR%2C%20soft%20natural%20light%2C%20plain%20neutral%20background%2C%20warm%20friendly%2C%20sharp%20focus%2C%20photorealistic%2C%20no%20text%2C%20no%20watermark%2C%20an%20athlete%20gripping%20their%20calf%20muscle%20in%20pain?width=1024&height=1024&nologo=true&seed=7061&model=flux
ache	https://image.pollinations.ai/prompt/professional%20realistic%20portrait%20photograph%2C%20DSLR%2C%20soft%20natural%20light%2C%20plain%20neutral%20background%2C%20warm%20friendly%2C%20sharp%20focus%2C%20photorealistic%2C%20no%20text%2C%20no%20watermark%2C%20a%20person%20holding%20their%20lower%20back%20in%20discomfort?width=1024&height=1024&nologo=true&seed=7062&model=flux
injury	https://image.pollinations.ai/prompt/professional%20realistic%20photograph%2C%20single%20real%20object%2C%20DSLR%2C%20soft%20studio%20light%2C%20plain%20neutral%20light%20grey%20background%2C%20centered%2C%20sharp%20focus%2C%20high%20detail%2C%20no%20text%2C%20no%20watermark%2C%20no%20logo%2C%20no%20illustration%2C%20no%20cartoon%2C%20photorealistic%2C%20a%20bandaged%20injured%20knee%20on%20a%20person?width=1024&height=1024&nologo=true&seed=7063&model=flux
flu	https://image.pollinations.ai/prompt/professional%20realistic%20portrait%20photograph%2C%20DSLR%2C%20soft%20natural%20light%2C%20plain%20neutral%20background%2C%20warm%20friendly%2C%20sharp%20focus%2C%20photorealistic%2C%20no%20text%2C%20no%20watermark%2C%20a%20sick%20person%20wrapped%20in%20a%20blanket%20blowing%20their%20nose%20with%20tissues?width=1024&height=1024&nologo=true&seed=7064&model=flux
dose	https://image.pollinations.ai/prompt/professional%20realistic%20photograph%2C%20single%20real%20object%2C%20DSLR%2C%20soft%20studio%20light%2C%20plain%20neutral%20light%20grey%20background%2C%20centered%2C%20sharp%20focus%2C%20high%20detail%2C%20no%20text%2C%20no%20watermark%2C%20no%20logo%2C%20no%20illustration%2C%20no%20cartoon%2C%20photorealistic%2C%20a%20measuring%20cup%20of%20liquid%20medicine%20next%20to%20a%20bottle?width=1024&height=1024&nologo=true&seed=7065&model=flux
treatment	https://image.pollinations.ai/prompt/professional%20realistic%20photograph%2C%20DSLR%2C%20natural%20daylight%2C%20sharp%20focus%2C%20photorealistic%2C%20no%20readable%20text%2C%20all%20signs%20blank%2C%20no%20watermark%2C%20no%20logo%2C%20no%20cartoon%2C%20a%20doctor%20treating%20a%20patient%20in%20a%20clinic%20room?width=1024&height=1024&nologo=true&seed=7066&model=flux
checkup	https://image.pollinations.ai/prompt/professional%20realistic%20photograph%2C%20DSLR%2C%20natural%20daylight%2C%20sharp%20focus%2C%20photorealistic%2C%20no%20readable%20text%2C%20all%20signs%20blank%2C%20no%20watermark%2C%20no%20logo%2C%20no%20cartoon%2C%20a%20doctor%20listening%20to%20a%20patient%20with%20a%20stethoscope?width=1024&height=1024&nologo=true&seed=7067&model=flux
ward	https://image.pollinations.ai/prompt/professional%20realistic%20photograph%2C%20DSLR%2C%20natural%20daylight%2C%20sharp%20focus%2C%20photorealistic%2C%20no%20readable%20text%2C%20all%20signs%20blank%2C%20no%20watermark%2C%20no%20logo%2C%20no%20cartoon%2C%20a%20tidy%20hospital%20ward%20with%20several%20beds?width=1024&height=1024&nologo=true&seed=7068&model=flux
diet	https://image.pollinations.ai/prompt/professional%20realistic%20photograph%2C%20single%20real%20object%2C%20DSLR%2C%20soft%20studio%20light%2C%20plain%20neutral%20light%20grey%20background%2C%20centered%2C%20sharp%20focus%2C%20high%20detail%2C%20no%20text%2C%20no%20watermark%2C%20no%20logo%2C%20no%20illustration%2C%20no%20cartoon%2C%20photorealistic%2C%20a%20healthy%20plate%20of%20salad%20and%20vegetables?width=1024&height=1024&nologo=true&seed=7069&model=flux
nutrition	https://image.pollinations.ai/prompt/professional%20realistic%20photograph%2C%20single%20real%20object%2C%20DSLR%2C%20soft%20studio%20light%2C%20plain%20neutral%20light%20grey%20background%2C%20centered%2C%20sharp%20focus%2C%20high%20detail%2C%20no%20text%2C%20no%20watermark%2C%20no%20logo%2C%20no%20illustration%2C%20no%20cartoon%2C%20photorealistic%2C%20an%20assortment%20of%20fresh%20healthy%20foods%20on%20a%20table?width=1024&height=1024&nologo=true&seed=7070&model=flux
weight	https://image.pollinations.ai/prompt/professional%20realistic%20photograph%2C%20single%20real%20object%2C%20DSLR%2C%20soft%20studio%20light%2C%20plain%20neutral%20light%20grey%20background%2C%20centered%2C%20sharp%20focus%2C%20high%20detail%2C%20no%20text%2C%20no%20watermark%2C%20no%20logo%2C%20no%20illustration%2C%20no%20cartoon%2C%20photorealistic%2C%20a%20bathroom%20weighing%20scale%20on%20a%20floor?width=1024&height=1024&nologo=true&seed=7071&model=flux
muscle	https://image.pollinations.ai/prompt/professional%20realistic%20photograph%2C%20single%20real%20object%2C%20DSLR%2C%20soft%20studio%20light%2C%20plain%20neutral%20light%20grey%20background%2C%20centered%2C%20sharp%20focus%2C%20high%20detail%2C%20no%20text%2C%20no%20watermark%2C%20no%20logo%2C%20no%20illustration%2C%20no%20cartoon%2C%20photorealistic%2C%20a%20strong%20flexed%20human%20arm%20muscle%20close-up?width=1024&height=1024&nologo=true&seed=7072&model=flux
fitness	https://image.pollinations.ai/prompt/professional%20realistic%20photograph%2C%20DSLR%2C%20natural%20daylight%2C%20sharp%20focus%2C%20photorealistic%2C%20no%20readable%20text%2C%20all%20signs%20blank%2C%20no%20watermark%2C%20no%20logo%2C%20no%20cartoon%2C%20a%20person%20exercising%20with%20dumbbells%20in%20a%20gym?width=1024&height=1024&nologo=true&seed=7073&model=flux
stress	https://image.pollinations.ai/prompt/professional%20realistic%20portrait%20photograph%2C%20DSLR%2C%20soft%20natural%20light%2C%20plain%20neutral%20background%2C%20warm%20friendly%2C%20sharp%20focus%2C%20photorealistic%2C%20no%20text%2C%20no%20watermark%2C%20a%20stressed%20person%20at%20a%20desk%20holding%20their%20head%2C%20overwhelmed?width=1024&height=1024&nologo=true&seed=7074&model=flux
collecting	https://image.pollinations.ai/prompt/professional%20realistic%20photograph%2C%20single%20real%20object%2C%20DSLR%2C%20soft%20studio%20light%2C%20plain%20neutral%20light%20grey%20background%2C%20centered%2C%20sharp%20focus%2C%20high%20detail%2C%20no%20text%2C%20no%20watermark%2C%20no%20logo%2C%20no%20illustration%2C%20no%20cartoon%2C%20photorealistic%2C%20a%20collection%20of%20old%20coins%20and%20stamps%20laid%20out%20neatly?width=1024&height=1024&nologo=true&seed=7075&model=flux
concert	https://image.pollinations.ai/prompt/professional%20realistic%20photograph%2C%20DSLR%2C%20natural%20daylight%2C%20sharp%20focus%2C%20photorealistic%2C%20no%20readable%20text%2C%20all%20signs%20blank%2C%20no%20watermark%2C%20no%20logo%2C%20no%20cartoon%2C%20a%20live%20music%20concert%20with%20a%20lit%20stage%20and%20a%20crowd?width=1024&height=1024&nologo=true&seed=7076&model=flux
instrument	https://image.pollinations.ai/prompt/professional%20realistic%20photograph%2C%20single%20real%20object%2C%20DSLR%2C%20soft%20studio%20light%2C%20plain%20neutral%20light%20grey%20background%2C%20centered%2C%20sharp%20focus%2C%20high%20detail%2C%20no%20text%2C%20no%20watermark%2C%20no%20logo%2C%20no%20illustration%2C%20no%20cartoon%2C%20photorealistic%2C%20several%20musical%20instruments%20together%2C%20guitar%20and%20violin?width=1024&height=1024&nologo=true&seed=7077&model=flux
choir	https://image.pollinations.ai/prompt/professional%20realistic%20photograph%2C%20DSLR%2C%20natural%20daylight%2C%20sharp%20focus%2C%20photorealistic%2C%20no%20readable%20text%2C%20all%20signs%20blank%2C%20no%20watermark%2C%20no%20logo%2C%20no%20cartoon%2C%20a%20choir%20of%20singers%20standing%20in%20rows%20singing%20together?width=1024&height=1024&nologo=true&seed=7078&model=flux
audience	https://image.pollinations.ai/prompt/professional%20realistic%20photograph%2C%20DSLR%2C%20natural%20daylight%2C%20sharp%20focus%2C%20photorealistic%2C%20no%20readable%20text%2C%20all%20signs%20blank%2C%20no%20watermark%2C%20no%20logo%2C%20no%20cartoon%2C%20an%20audience%20clapping%20in%20a%20full%20theatre?width=1024&height=1024&nologo=true&seed=7079&model=flux
stage	https://image.pollinations.ai/prompt/professional%20realistic%20photograph%2C%20DSLR%2C%20natural%20daylight%2C%20sharp%20focus%2C%20photorealistic%2C%20no%20readable%20text%2C%20all%20signs%20blank%2C%20no%20watermark%2C%20no%20logo%2C%20no%20cartoon%2C%20an%20empty%20lit%20theatre%20stage%20with%20red%20curtains?width=1024&height=1024&nologo=true&seed=7080&model=flux
comedy	https://image.pollinations.ai/prompt/professional%20realistic%20photograph%2C%20DSLR%2C%20natural%20daylight%2C%20sharp%20focus%2C%20photorealistic%2C%20no%20readable%20text%2C%20all%20signs%20blank%2C%20no%20watermark%2C%20no%20logo%2C%20no%20cartoon%2C%20a%20stand-up%20comedian%20on%20stage%20and%20a%20laughing%20audience?width=1024&height=1024&nologo=true&seed=7081&model=flux
podcast	https://image.pollinations.ai/prompt/professional%20realistic%20photograph%2C%20single%20real%20object%2C%20DSLR%2C%20soft%20studio%20light%2C%20plain%20neutral%20light%20grey%20background%2C%20centered%2C%20sharp%20focus%2C%20high%20detail%2C%20no%20text%2C%20no%20watermark%2C%20no%20logo%2C%20no%20illustration%2C%20no%20cartoon%2C%20photorealistic%2C%20a%20podcast%20microphone%20with%20headphones%20on%20a%20desk?width=1024&height=1024&nologo=true&seed=7082&model=flux
festival	https://image.pollinations.ai/prompt/professional%20realistic%20photograph%2C%20DSLR%2C%20natural%20daylight%2C%20sharp%20focus%2C%20photorealistic%2C%20no%20readable%20text%2C%20all%20signs%20blank%2C%20no%20watermark%2C%20no%20logo%2C%20no%20cartoon%2C%20a%20colourful%20outdoor%20festival%20crowd%20with%20flags%20and%20lights?width=1024&height=1024&nologo=true&seed=7083&model=flux
hobby	https://image.pollinations.ai/prompt/professional%20realistic%20photograph%2C%20DSLR%2C%20natural%20daylight%2C%20sharp%20focus%2C%20photorealistic%2C%20no%20readable%20text%2C%20all%20signs%20blank%2C%20no%20watermark%2C%20no%20logo%2C%20no%20cartoon%2C%20a%20person%20happily%20painting%20at%20an%20easel%20at%20home?width=1024&height=1024&nologo=true&seed=7084&model=flux
fan	https://image.pollinations.ai/prompt/professional%20realistic%20photograph%2C%20DSLR%2C%20natural%20daylight%2C%20sharp%20focus%2C%20photorealistic%2C%20no%20readable%20text%2C%20all%20signs%20blank%2C%20no%20watermark%2C%20no%20logo%2C%20no%20cartoon%2C%20excited%20sports%20fans%20cheering%20in%20a%20stadium?width=1024&height=1024&nologo=true&seed=7085&model=flux
amateur	https://image.pollinations.ai/prompt/professional%20realistic%20photograph%2C%20DSLR%2C%20natural%20daylight%2C%20sharp%20focus%2C%20photorealistic%2C%20no%20readable%20text%2C%20all%20signs%20blank%2C%20no%20watermark%2C%20no%20logo%2C%20no%20cartoon%2C%20a%20beginner%20learning%20to%20play%20a%20guitar%20at%20home?width=1024&height=1024&nologo=true&seed=7086&model=flux
device	https://image.pollinations.ai/prompt/professional%20realistic%20photograph%2C%20single%20real%20object%2C%20DSLR%2C%20soft%20studio%20light%2C%20plain%20neutral%20light%20grey%20background%2C%20centered%2C%20sharp%20focus%2C%20high%20detail%2C%20no%20text%2C%20no%20watermark%2C%20no%20logo%2C%20no%20illustration%2C%20no%20cartoon%2C%20photorealistic%2C%20a%20smartphone%2C%20tablet%20and%20laptop%20lying%20together?width=1024&height=1024&nologo=true&seed=7087&model=flux
website	https://image.pollinations.ai/prompt/professional%20realistic%20photograph%2C%20single%20real%20object%2C%20DSLR%2C%20soft%20studio%20light%2C%20plain%20neutral%20light%20grey%20background%2C%20centered%2C%20sharp%20focus%2C%20high%20detail%2C%20no%20text%2C%20no%20watermark%2C%20no%20logo%2C%20no%20illustration%2C%20no%20cartoon%2C%20photorealistic%2C%20a%20laptop%20screen%20showing%20a%20clean%20blank%20webpage%20layout?width=1024&height=1024&nologo=true&seed=7088&model=flux
app	https://image.pollinations.ai/prompt/professional%20realistic%20photograph%2C%20single%20real%20object%2C%20DSLR%2C%20soft%20studio%20light%2C%20plain%20neutral%20light%20grey%20background%2C%20centered%2C%20sharp%20focus%2C%20high%20detail%2C%20no%20text%2C%20no%20watermark%2C%20no%20logo%2C%20no%20illustration%2C%20no%20cartoon%2C%20photorealistic%2C%20a%20smartphone%20home%20screen%20full%20of%20colourful%20app%20icons?width=1024&height=1024&nologo=true&seed=7089&model=flux
password	https://image.pollinations.ai/prompt/professional%20realistic%20photograph%2C%20single%20real%20object%2C%20DSLR%2C%20soft%20studio%20light%2C%20plain%20neutral%20light%20grey%20background%2C%20centered%2C%20sharp%20focus%2C%20high%20detail%2C%20no%20text%2C%20no%20watermark%2C%20no%20logo%2C%20no%20illustration%2C%20no%20cartoon%2C%20photorealistic%2C%20a%20login%20screen%20with%20a%20password%20field%20of%20dots%20and%20a%20padlock?width=1024&height=1024&nologo=true&seed=7090&model=flux
account	https://image.pollinations.ai/prompt/professional%20realistic%20photograph%2C%20single%20real%20object%2C%20DSLR%2C%20soft%20studio%20light%2C%20plain%20neutral%20light%20grey%20background%2C%20centered%2C%20sharp%20focus%2C%20high%20detail%2C%20no%20text%2C%20no%20watermark%2C%20no%20logo%2C%20no%20illustration%2C%20no%20cartoon%2C%20photorealistic%2C%20a%20computer%20screen%20showing%20a%20user%20profile%20page%20with%20an%20avatar?width=1024&height=1024&nologo=true&seed=7091&model=flux
browser	https://image.pollinations.ai/prompt/professional%20realistic%20photograph%2C%20single%20real%20object%2C%20DSLR%2C%20soft%20studio%20light%2C%20plain%20neutral%20light%20grey%20background%2C%20centered%2C%20sharp%20focus%2C%20high%20detail%2C%20no%20text%2C%20no%20watermark%2C%20no%20logo%2C%20no%20illustration%2C%20no%20cartoon%2C%20photorealistic%2C%20a%20laptop%20showing%20an%20open%20web%20browser%20window?width=1024&height=1024&nologo=true&seed=7092&model=flux
wifi	https://image.pollinations.ai/prompt/professional%20realistic%20photograph%2C%20single%20real%20object%2C%20DSLR%2C%20soft%20studio%20light%2C%20plain%20neutral%20light%20grey%20background%2C%20centered%2C%20sharp%20focus%2C%20high%20detail%2C%20no%20text%2C%20no%20watermark%2C%20no%20logo%2C%20no%20illustration%2C%20no%20cartoon%2C%20photorealistic%2C%20a%20white%20wireless%20wifi%20router%20with%20antennas?width=1024&height=1024&nologo=true&seed=7093&model=flux
link	https://image.pollinations.ai/prompt/professional%20realistic%20photograph%2C%20single%20real%20object%2C%20DSLR%2C%20soft%20studio%20light%2C%20plain%20neutral%20light%20grey%20background%2C%20centered%2C%20sharp%20focus%2C%20high%20detail%2C%20no%20text%2C%20no%20watermark%2C%20no%20logo%2C%20no%20illustration%2C%20no%20cartoon%2C%20photorealistic%2C%20a%20metal%20chain%20link%20close-up?width=1024&height=1024&nologo=true&seed=7094&model=flux
network	https://image.pollinations.ai/prompt/professional%20realistic%20photograph%2C%20single%20real%20object%2C%20DSLR%2C%20soft%20studio%20light%2C%20plain%20neutral%20light%20grey%20background%2C%20centered%2C%20sharp%20focus%2C%20high%20detail%2C%20no%20text%2C%20no%20watermark%2C%20no%20logo%2C%20no%20illustration%2C%20no%20cartoon%2C%20photorealistic%2C%20server%20racks%20with%20many%20glowing%20network%20cables?width=1024&height=1024&nologo=true&seed=7095&model=flux
message	https://image.pollinations.ai/prompt/professional%20realistic%20photograph%2C%20single%20real%20object%2C%20DSLR%2C%20soft%20studio%20light%2C%20plain%20neutral%20light%20grey%20background%2C%20centered%2C%20sharp%20focus%2C%20high%20detail%2C%20no%20text%2C%20no%20watermark%2C%20no%20logo%2C%20no%20illustration%2C%20no%20cartoon%2C%20photorealistic%2C%20a%20smartphone%20showing%20a%20chat%20conversation%20with%20speech%20bubbles?width=1024&height=1024&nologo=true&seed=7096&model=flux
notification	https://image.pollinations.ai/prompt/professional%20realistic%20photograph%2C%20single%20real%20object%2C%20DSLR%2C%20soft%20studio%20light%2C%20plain%20neutral%20light%20grey%20background%2C%20centered%2C%20sharp%20focus%2C%20high%20detail%2C%20no%20text%2C%20no%20watermark%2C%20no%20logo%2C%20no%20illustration%2C%20no%20cartoon%2C%20photorealistic%2C%20a%20smartphone%20lock%20screen%20showing%20notification%20banners?width=1024&height=1024&nologo=true&seed=7097&model=flux
social_media	https://image.pollinations.ai/prompt/professional%20realistic%20photograph%2C%20DSLR%2C%20natural%20daylight%2C%20sharp%20focus%2C%20photorealistic%2C%20no%20readable%20text%2C%20all%20signs%20blank%2C%20no%20watermark%2C%20no%20logo%2C%20no%20cartoon%2C%20a%20person%20scrolling%20a%20social%20media%20feed%20on%20a%20phone?width=1024&height=1024&nologo=true&seed=7098&model=flux
post	https://image.pollinations.ai/prompt/professional%20realistic%20photograph%2C%20single%20real%20object%2C%20DSLR%2C%20soft%20studio%20light%2C%20plain%20neutral%20light%20grey%20background%2C%20centered%2C%20sharp%20focus%2C%20high%20detail%2C%20no%20text%2C%20no%20watermark%2C%20no%20logo%2C%20no%20illustration%2C%20no%20cartoon%2C%20photorealistic%2C%20a%20smartphone%20showing%20a%20social%20media%20photo%20post?width=1024&height=1024&nologo=true&seed=7099&model=flux
comment	https://image.pollinations.ai/prompt/professional%20realistic%20photograph%2C%20single%20real%20object%2C%20DSLR%2C%20soft%20studio%20light%2C%20plain%20neutral%20light%20grey%20background%2C%20centered%2C%20sharp%20focus%2C%20high%20detail%2C%20no%20text%2C%20no%20watermark%2C%20no%20logo%2C%20no%20illustration%2C%20no%20cartoon%2C%20photorealistic%2C%20a%20phone%20screen%20showing%20comment%20bubbles%20under%20a%20post?width=1024&height=1024&nologo=true&seed=7100&model=flux
contact	https://image.pollinations.ai/prompt/professional%20realistic%20photograph%2C%20single%20real%20object%2C%20DSLR%2C%20soft%20studio%20light%2C%20plain%20neutral%20light%20grey%20background%2C%20centered%2C%20sharp%20focus%2C%20high%20detail%2C%20no%20text%2C%20no%20watermark%2C%20no%20logo%2C%20no%20illustration%2C%20no%20cartoon%2C%20photorealistic%2C%20a%20smartphone%20showing%20a%20contacts%20list%20with%20avatars?width=1024&height=1024&nologo=true&seed=7101&model=flux
video_call	https://image.pollinations.ai/prompt/professional%20realistic%20photograph%2C%20DSLR%2C%20natural%20daylight%2C%20sharp%20focus%2C%20photorealistic%2C%20no%20readable%20text%2C%20all%20signs%20blank%2C%20no%20watermark%2C%20no%20logo%2C%20no%20cartoon%2C%20a%20laptop%20screen%20showing%20a%20video%20call%20with%20several%20people?width=1024&height=1024&nologo=true&seed=7102&model=flux
emoji	https://image.pollinations.ai/prompt/professional%20realistic%20photograph%2C%20single%20real%20object%2C%20DSLR%2C%20soft%20studio%20light%2C%20plain%20neutral%20light%20grey%20background%2C%20centered%2C%20sharp%20focus%2C%20high%20detail%2C%20no%20text%2C%20no%20watermark%2C%20no%20logo%2C%20no%20illustration%2C%20no%20cartoon%2C%20photorealistic%2C%20a%20smartphone%20keyboard%20showing%20a%20grid%20of%20yellow%20emoji%20faces?width=1024&height=1024&nologo=true&seed=7103&model=flux
screen_time	https://image.pollinations.ai/prompt/professional%20realistic%20photograph%2C%20DSLR%2C%20natural%20daylight%2C%20sharp%20focus%2C%20photorealistic%2C%20no%20readable%20text%2C%20all%20signs%20blank%2C%20no%20watermark%2C%20no%20logo%2C%20no%20cartoon%2C%20a%20person%20looking%20tired%20at%20a%20glowing%20phone%20screen%20late%20at%20night?width=1024&height=1024&nologo=true&seed=7104&model=flux
pollution	https://image.pollinations.ai/prompt/professional%20realistic%20photograph%2C%20DSLR%2C%20natural%20daylight%2C%20sharp%20focus%2C%20photorealistic%2C%20no%20readable%20text%2C%20all%20signs%20blank%2C%20no%20watermark%2C%20no%20logo%2C%20no%20cartoon%2C%20factory%20chimneys%20releasing%20thick%20smoke%20into%20a%20grey%20sky?width=1024&height=1024&nologo=true&seed=7105&model=flux
climate	https://image.pollinations.ai/prompt/professional%20realistic%20photograph%2C%20DSLR%2C%20natural%20daylight%2C%20sharp%20focus%2C%20photorealistic%2C%20no%20readable%20text%2C%20all%20signs%20blank%2C%20no%20watermark%2C%20no%20logo%2C%20no%20cartoon%2C%20a%20dry%20cracked%20earth%20field%20under%20a%20blazing%20hot%20sun?width=1024&height=1024&nologo=true&seed=7106&model=flux
environment	https://image.pollinations.ai/prompt/professional%20realistic%20photograph%2C%20DSLR%2C%20natural%20daylight%2C%20sharp%20focus%2C%20photorealistic%2C%20no%20readable%20text%2C%20all%20signs%20blank%2C%20no%20watermark%2C%20no%20logo%2C%20no%20cartoon%2C%20a%20clean%20green%20forest%20with%20a%20clear%20river?width=1024&height=1024&nologo=true&seed=7107&model=flux
fuel	https://image.pollinations.ai/prompt/professional%20realistic%20photograph%2C%20single%20real%20object%2C%20DSLR%2C%20soft%20studio%20light%2C%20plain%20neutral%20light%20grey%20background%2C%20centered%2C%20sharp%20focus%2C%20high%20detail%2C%20no%20text%2C%20no%20watermark%2C%20no%20logo%2C%20no%20illustration%2C%20no%20cartoon%2C%20photorealistic%2C%20a%20petrol%20pump%20nozzle%20at%20a%20fuel%20station?width=1024&height=1024&nologo=true&seed=7108&model=flux
payment	https://image.pollinations.ai/prompt/professional%20realistic%20photograph%2C%20DSLR%2C%20natural%20daylight%2C%20sharp%20focus%2C%20photorealistic%2C%20no%20readable%20text%2C%20all%20signs%20blank%2C%20no%20watermark%2C%20no%20logo%2C%20no%20cartoon%2C%20a%20hand%20paying%20with%20a%20bank%20card%20at%20a%20payment%20terminal?width=1024&height=1024&nologo=true&seed=7109&model=flux
invoice	https://image.pollinations.ai/prompt/professional%20realistic%20photograph%2C%20single%20real%20object%2C%20DSLR%2C%20soft%20studio%20light%2C%20plain%20neutral%20light%20grey%20background%2C%20centered%2C%20sharp%20focus%2C%20high%20detail%2C%20no%20text%2C%20no%20watermark%2C%20no%20logo%2C%20no%20illustration%2C%20no%20cartoon%2C%20photorealistic%2C%20a%20printed%20invoice%20bill%20with%20figures%20and%20a%20pen?width=1024&height=1024&nologo=true&seed=7110&model=flux
discount	https://image.pollinations.ai/prompt/professional%20realistic%20photograph%2C%20single%20real%20object%2C%20DSLR%2C%20soft%20studio%20light%2C%20plain%20neutral%20light%20grey%20background%2C%20centered%2C%20sharp%20focus%2C%20high%20detail%2C%20no%20text%2C%20no%20watermark%2C%20no%20logo%2C%20no%20illustration%2C%20no%20cartoon%2C%20photorealistic%2C%20a%20red%20sale%20discount%20price%20tag%20on%20clothing?width=1024&height=1024&nologo=true&seed=7111&model=flux
budget	https://image.pollinations.ai/prompt/professional%20realistic%20photograph%2C%20single%20real%20object%2C%20DSLR%2C%20soft%20studio%20light%2C%20plain%20neutral%20light%20grey%20background%2C%20centered%2C%20sharp%20focus%2C%20high%20detail%2C%20no%20text%2C%20no%20watermark%2C%20no%20logo%2C%20no%20illustration%2C%20no%20cartoon%2C%20photorealistic%2C%20a%20notebook%20of%20household%20budget%20figures%20with%20a%20calculator?width=1024&height=1024&nologo=true&seed=7112&model=flux
currency	https://image.pollinations.ai/prompt/professional%20realistic%20photograph%2C%20single%20real%20object%2C%20DSLR%2C%20soft%20studio%20light%2C%20plain%20neutral%20light%20grey%20background%2C%20centered%2C%20sharp%20focus%2C%20high%20detail%2C%20no%20text%2C%20no%20watermark%2C%20no%20logo%2C%20no%20illustration%2C%20no%20cartoon%2C%20photorealistic%2C%20banknotes%20and%20coins%20of%20several%20different%20countries?width=1024&height=1024&nologo=true&seed=7113&model=flux
tip	https://image.pollinations.ai/prompt/professional%20realistic%20photograph%2C%20single%20real%20object%2C%20DSLR%2C%20soft%20studio%20light%2C%20plain%20neutral%20light%20grey%20background%2C%20centered%2C%20sharp%20focus%2C%20high%20detail%2C%20no%20text%2C%20no%20watermark%2C%20no%20logo%2C%20no%20illustration%2C%20no%20cartoon%2C%20photorealistic%2C%20coins%20and%20a%20banknote%20left%20on%20a%20restaurant%20table?width=1024&height=1024&nologo=true&seed=7114&model=flux
savings	https://image.pollinations.ai/prompt/professional%20realistic%20photograph%2C%20single%20real%20object%2C%20DSLR%2C%20soft%20studio%20light%2C%20plain%20neutral%20light%20grey%20background%2C%20centered%2C%20sharp%20focus%2C%20high%20detail%2C%20no%20text%2C%20no%20watermark%2C%20no%20logo%2C%20no%20illustration%2C%20no%20cartoon%2C%20photorealistic%2C%20a%20piggy%20bank%20with%20coins%20beside%20it?width=1024&height=1024&nologo=true&seed=7115&model=flux
bargain	https://image.pollinations.ai/prompt/professional%20realistic%20photograph%2C%20DSLR%2C%20natural%20daylight%2C%20sharp%20focus%2C%20photorealistic%2C%20no%20readable%20text%2C%20all%20signs%20blank%2C%20no%20watermark%2C%20no%20logo%2C%20no%20cartoon%2C%20a%20buyer%20and%20seller%20agreeing%20a%20price%20at%20a%20market%20stall?width=1024&height=1024&nologo=true&seed=7116&model=flux
offer	https://image.pollinations.ai/prompt/professional%20realistic%20photograph%2C%20DSLR%2C%20natural%20daylight%2C%20sharp%20focus%2C%20photorealistic%2C%20no%20readable%20text%2C%20all%20signs%20blank%2C%20no%20watermark%2C%20no%20logo%2C%20no%20cartoon%2C%20a%20bright%20special%20offer%20sign%20board%20in%20a%20shop%20window?width=1024&height=1024&nologo=true&seed=7117&model=flux
refund	https://image.pollinations.ai/prompt/professional%20realistic%20photograph%2C%20DSLR%2C%20natural%20daylight%2C%20sharp%20focus%2C%20photorealistic%2C%20no%20readable%20text%2C%20all%20signs%20blank%2C%20no%20watermark%2C%20no%20logo%2C%20no%20cartoon%2C%20a%20shop%20worker%20handing%20money%20back%20to%20a%20customer%20at%20a%20counter?width=1024&height=1024&nologo=true&seed=7118&model=flux
guarantee	https://image.pollinations.ai/prompt/professional%20realistic%20photograph%2C%20single%20real%20object%2C%20DSLR%2C%20soft%20studio%20light%2C%20plain%20neutral%20light%20grey%20background%2C%20centered%2C%20sharp%20focus%2C%20high%20detail%2C%20no%20text%2C%20no%20watermark%2C%20no%20logo%2C%20no%20illustration%2C%20no%20cartoon%2C%20photorealistic%2C%20an%20official%20warranty%20certificate%20document%20with%20a%20seal?width=1024&height=1024&nologo=true&seed=7119&model=flux
deposit	https://image.pollinations.ai/prompt/professional%20realistic%20photograph%2C%20DSLR%2C%20natural%20daylight%2C%20sharp%20focus%2C%20photorealistic%2C%20no%20readable%20text%2C%20all%20signs%20blank%2C%20no%20watermark%2C%20no%20logo%2C%20no%20cartoon%2C%20a%20person%20using%20a%20cash%20machine%20ATM?width=1024&height=1024&nologo=true&seed=7120&model=flux
bill	https://image.pollinations.ai/prompt/professional%20realistic%20photograph%2C%20single%20real%20object%2C%20DSLR%2C%20soft%20studio%20light%2C%20plain%20neutral%20light%20grey%20background%2C%20centered%2C%20sharp%20focus%2C%20high%20detail%2C%20no%20text%2C%20no%20watermark%2C%20no%20logo%2C%20no%20illustration%2C%20no%20cartoon%2C%20photorealistic%2C%20a%20restaurant%20bill%20receipt%20on%20a%20small%20tray%20with%20a%20pen?width=1024&height=1024&nologo=true&seed=7121&model=flux
service	https://image.pollinations.ai/prompt/professional%20realistic%20photograph%2C%20DSLR%2C%20natural%20daylight%2C%20sharp%20focus%2C%20photorealistic%2C%20no%20readable%20text%2C%20all%20signs%20blank%2C%20no%20watermark%2C%20no%20logo%2C%20no%20cartoon%2C%20a%20waiter%20serving%20a%20plate%20to%20a%20table%20in%20a%20restaurant?width=1024&height=1024&nologo=true&seed=7122&model=flux
community	https://image.pollinations.ai/prompt/professional%20realistic%20photograph%2C%20DSLR%2C%20natural%20daylight%2C%20sharp%20focus%2C%20photorealistic%2C%20no%20readable%20text%2C%20all%20signs%20blank%2C%20no%20watermark%2C%20no%20logo%2C%20no%20cartoon%2C%20neighbours%20of%20all%20ages%20gathered%20happily%20in%20a%20local%20street?width=1024&height=1024&nologo=true&seed=7123&model=flux
society	https://image.pollinations.ai/prompt/professional%20realistic%20photograph%2C%20DSLR%2C%20natural%20daylight%2C%20sharp%20focus%2C%20photorealistic%2C%20no%20readable%20text%2C%20all%20signs%20blank%2C%20no%20watermark%2C%20no%20logo%2C%20no%20cartoon%2C%20a%20large%20diverse%20crowd%20of%20people%20in%20a%20city%20square?width=1024&height=1024&nologo=true&seed=7124&model=flux
citizen	https://image.pollinations.ai/prompt/professional%20realistic%20portrait%20photograph%2C%20DSLR%2C%20soft%20natural%20light%2C%20plain%20neutral%20background%2C%20warm%20friendly%2C%20sharp%20focus%2C%20photorealistic%2C%20no%20text%2C%20no%20watermark%2C%20a%20person%20proudly%20holding%20an%20identity%20document?width=1024&height=1024&nologo=true&seed=7125&model=flux
government	https://image.pollinations.ai/prompt/professional%20realistic%20photograph%2C%20DSLR%2C%20natural%20daylight%2C%20sharp%20focus%2C%20photorealistic%2C%20no%20readable%20text%2C%20all%20signs%20blank%2C%20no%20watermark%2C%20no%20logo%2C%20no%20cartoon%2C%20a%20grand%20classical%20government%20parliament%20building?width=1024&height=1024&nologo=true&seed=7126&model=flux
law	https://image.pollinations.ai/prompt/professional%20realistic%20photograph%2C%20single%20real%20object%2C%20DSLR%2C%20soft%20studio%20light%2C%20plain%20neutral%20light%20grey%20background%2C%20centered%2C%20sharp%20focus%2C%20high%20detail%2C%20no%20text%2C%20no%20watermark%2C%20no%20logo%2C%20no%20illustration%2C%20no%20cartoon%2C%20photorealistic%2C%20a%20wooden%20judges%20gavel%20and%20brass%20scales%20of%20justice?width=1024&height=1024&nologo=true&seed=7127&model=flux
population	https://image.pollinations.ai/prompt/professional%20realistic%20photograph%2C%20DSLR%2C%20natural%20daylight%2C%20sharp%20focus%2C%20photorealistic%2C%20no%20readable%20text%2C%20all%20signs%20blank%2C%20no%20watermark%2C%20no%20logo%2C%20no%20cartoon%2C%20a%20very%20large%20dense%20crowd%20of%20people%20seen%20from%20above?width=1024&height=1024&nologo=true&seed=7128&model=flux
culture	https://image.pollinations.ai/prompt/professional%20realistic%20photograph%2C%20DSLR%2C%20natural%20daylight%2C%20sharp%20focus%2C%20photorealistic%2C%20no%20readable%20text%2C%20all%20signs%20blank%2C%20no%20watermark%2C%20no%20logo%2C%20no%20cartoon%2C%20performers%20in%20traditional%20folk%20costume%20dancing?width=1024&height=1024&nologo=true&seed=7129&model=flux
article	https://image.pollinations.ai/prompt/professional%20realistic%20photograph%2C%20single%20real%20object%2C%20DSLR%2C%20soft%20studio%20light%2C%20plain%20neutral%20light%20grey%20background%2C%20centered%2C%20sharp%20focus%2C%20high%20detail%2C%20no%20text%2C%20no%20watermark%2C%20no%20logo%2C%20no%20illustration%2C%20no%20cartoon%2C%20photorealistic%2C%20an%20open%20newspaper%20page%20with%20columns%20of%20text?width=1024&height=1024&nologo=true&seed=7130&model=flux
headline	https://image.pollinations.ai/prompt/professional%20realistic%20photograph%2C%20single%20real%20object%2C%20DSLR%2C%20soft%20studio%20light%2C%20plain%20neutral%20light%20grey%20background%2C%20centered%2C%20sharp%20focus%2C%20high%20detail%2C%20no%20text%2C%20no%20watermark%2C%20no%20logo%2C%20no%20illustration%2C%20no%20cartoon%2C%20photorealistic%2C%20a%20folded%20newspaper%20front%20page%20held%20in%20a%20hand?width=1024&height=1024&nologo=true&seed=7131&model=flux
channel	https://image.pollinations.ai/prompt/professional%20realistic%20photograph%2C%20single%20real%20object%2C%20DSLR%2C%20soft%20studio%20light%2C%20plain%20neutral%20light%20grey%20background%2C%20centered%2C%20sharp%20focus%2C%20high%20detail%2C%20no%20text%2C%20no%20watermark%2C%20no%20logo%2C%20no%20illustration%2C%20no%20cartoon%2C%20photorealistic%2C%20a%20television%20remote%20control%20in%20front%20of%20a%20TV%20screen?width=1024&height=1024&nologo=true&seed=7132&model=flux
advertisement	https://image.pollinations.ai/prompt/professional%20realistic%20photograph%2C%20DSLR%2C%20natural%20daylight%2C%20sharp%20focus%2C%20photorealistic%2C%20no%20readable%20text%2C%20all%20signs%20blank%2C%20no%20watermark%2C%20no%20logo%2C%20no%20cartoon%2C%20a%20large%20blank%20billboard%20beside%20a%20city%20road?width=1024&height=1024&nologo=true&seed=7133&model=flux
announcement	https://image.pollinations.ai/prompt/professional%20realistic%20photograph%2C%20DSLR%2C%20natural%20daylight%2C%20sharp%20focus%2C%20photorealistic%2C%20no%20readable%20text%2C%20all%20signs%20blank%2C%20no%20watermark%2C%20no%20logo%2C%20no%20cartoon%2C%20a%20person%20speaking%20into%20a%20megaphone%20to%20a%20crowd?width=1024&height=1024&nologo=true&seed=7134&model=flux
reporter	https://image.pollinations.ai/prompt/professional%20realistic%20portrait%20photograph%2C%20DSLR%2C%20soft%20natural%20light%2C%20plain%20neutral%20background%2C%20warm%20friendly%2C%20sharp%20focus%2C%20photorealistic%2C%20no%20text%2C%20no%20watermark%2C%20a%20news%20reporter%20holding%20a%20microphone%20in%20front%20of%20a%20camera?width=1024&height=1024&nologo=true&seed=7135&model=flux
nation	https://image.pollinations.ai/prompt/professional%20realistic%20photograph%2C%20single%20real%20object%2C%20DSLR%2C%20soft%20studio%20light%2C%20plain%20neutral%20light%20grey%20background%2C%20centered%2C%20sharp%20focus%2C%20high%20detail%2C%20no%20text%2C%20no%20watermark%2C%20no%20logo%2C%20no%20illustration%2C%20no%20cartoon%2C%20photorealistic%2C%20many%20colourful%20national%20flags%20flying%20on%20poles?width=1024&height=1024&nologo=true&seed=7136&model=flux
border	https://image.pollinations.ai/prompt/professional%20realistic%20photograph%2C%20DSLR%2C%20natural%20daylight%2C%20sharp%20focus%2C%20photorealistic%2C%20no%20readable%20text%2C%20all%20signs%20blank%2C%20no%20watermark%2C%20no%20logo%2C%20no%20cartoon%2C%20a%20border%20crossing%20checkpoint%20barrier%20on%20a%20road?width=1024&height=1024&nologo=true&seed=7137&model=flux
continent	https://image.pollinations.ai/prompt/professional%20realistic%20photograph%2C%20single%20real%20object%2C%20DSLR%2C%20soft%20studio%20light%2C%20plain%20neutral%20light%20grey%20background%2C%20centered%2C%20sharp%20focus%2C%20high%20detail%2C%20no%20text%2C%20no%20watermark%2C%20no%20logo%2C%20no%20illustration%2C%20no%20cartoon%2C%20photorealistic%2C%20a%20world%20globe%20showing%20the%20continents?width=1024&height=1024&nologo=true&seed=7138&model=flux
region	https://image.pollinations.ai/prompt/professional%20realistic%20photograph%2C%20single%20real%20object%2C%20DSLR%2C%20soft%20studio%20light%2C%20plain%20neutral%20light%20grey%20background%2C%20centered%2C%20sharp%20focus%2C%20high%20detail%2C%20no%20text%2C%20no%20watermark%2C%20no%20logo%2C%20no%20illustration%2C%20no%20cartoon%2C%20photorealistic%2C%20a%20map%20with%20a%20highlighted%20region%20and%20a%20location%20pin?width=1024&height=1024&nologo=true&seed=7139&model=flux
immigrant	https://image.pollinations.ai/prompt/professional%20realistic%20photograph%2C%20DSLR%2C%20natural%20daylight%2C%20sharp%20focus%2C%20photorealistic%2C%20no%20readable%20text%2C%20all%20signs%20blank%2C%20no%20watermark%2C%20no%20logo%2C%20no%20cartoon%2C%20a%20family%20arriving%20with%20suitcases%20at%20an%20airport%20terminal?width=1024&height=1024&nologo=true&seed=7140&model=flux
tradition	https://image.pollinations.ai/prompt/professional%20realistic%20photograph%2C%20DSLR%2C%20natural%20daylight%2C%20sharp%20focus%2C%20photorealistic%2C%20no%20readable%20text%2C%20all%20signs%20blank%2C%20no%20watermark%2C%20no%20logo%2C%20no%20cartoon%2C%20a%20traditional%20cultural%20ceremony%20with%20people%20in%20folk%20dress?width=1024&height=1024&nologo=true&seed=7141&model=flux
custom	https://image.pollinations.ai/prompt/professional%20realistic%20photograph%2C%20DSLR%2C%20natural%20daylight%2C%20sharp%20focus%2C%20photorealistic%2C%20no%20readable%20text%2C%20all%20signs%20blank%2C%20no%20watermark%2C%20no%20logo%2C%20no%20cartoon%2C%20two%20people%20greeting%20each%20other%20in%20a%20traditional%20way?width=1024&height=1024&nologo=true&seed=7142&model=flux
heritage	https://image.pollinations.ai/prompt/professional%20realistic%20photograph%2C%20DSLR%2C%20natural%20daylight%2C%20sharp%20focus%2C%20photorealistic%2C%20no%20readable%20text%2C%20all%20signs%20blank%2C%20no%20watermark%2C%20no%20logo%2C%20no%20cartoon%2C%20an%20ancient%20historic%20stone%20monument?width=1024&height=1024&nologo=true&seed=7143&model=flux
capital	https://image.pollinations.ai/prompt/professional%20realistic%20photograph%2C%20DSLR%2C%20natural%20daylight%2C%20sharp%20focus%2C%20photorealistic%2C%20no%20readable%20text%2C%20all%20signs%20blank%2C%20no%20watermark%2C%20no%20logo%2C%20no%20cartoon%2C%20a%20capital%20city%20skyline%20with%20grand%20buildings?width=1024&height=1024&nologo=true&seed=7144&model=flux
election	https://image.pollinations.ai/prompt/professional%20realistic%20photograph%2C%20DSLR%2C%20natural%20daylight%2C%20sharp%20focus%2C%20photorealistic%2C%20no%20readable%20text%2C%20all%20signs%20blank%2C%20no%20watermark%2C%20no%20logo%2C%20no%20cartoon%2C%20a%20person%20putting%20a%20ballot%20paper%20into%20a%20ballot%20box?width=1024&height=1024&nologo=true&seed=7145&model=flux
volunteer	https://image.pollinations.ai/prompt/professional%20realistic%20photograph%2C%20DSLR%2C%20natural%20daylight%2C%20sharp%20focus%2C%20photorealistic%2C%20no%20readable%20text%2C%20all%20signs%20blank%2C%20no%20watermark%2C%20no%20logo%2C%20no%20cartoon%2C%20smiling%20volunteers%20in%20vests%20handing%20out%20supplies?width=1024&height=1024&nologo=true&seed=7146&model=flux
charity	https://image.pollinations.ai/prompt/professional%20realistic%20photograph%2C%20DSLR%2C%20natural%20daylight%2C%20sharp%20focus%2C%20photorealistic%2C%20no%20readable%20text%2C%20all%20signs%20blank%2C%20no%20watermark%2C%20no%20logo%2C%20no%20cartoon%2C%20hands%20giving%20a%20donation%20box%20to%20people%20in%20need?width=1024&height=1024&nologo=true&seed=7147&model=flux
campaign	https://image.pollinations.ai/prompt/professional%20realistic%20photograph%2C%20DSLR%2C%20natural%20daylight%2C%20sharp%20focus%2C%20photorealistic%2C%20no%20readable%20text%2C%20all%20signs%20blank%2C%20no%20watermark%2C%20no%20logo%2C%20no%20cartoon%2C%20people%20holding%20up%20blank%20placards%20at%20a%20public%20campaign?width=1024&height=1024&nologo=true&seed=7148&model=flux
