alarm	https://image.pollinations.ai/prompt/professional%20realistic%20photograph%2C%20single%20real%20object%2C%20DSLR%2C%20soft%20studio%20light%2C%20plain%20neutral%20light%20grey%20background%2C%20centered%2C%20sharp%20focus%2C%20high%20detail%2C%20no%20text%2C%20no%20watermark%2C%20no%20logo%2C%20no%20illustration%2C%20no%20cartoon%2C%20photorealistic%2C%20a%20real%20an%20alarm%20clock?width=1024&height=1024&nologo=true&seed=5000&model=flux
towel	https://image.pollinations.ai/prompt/professional%20realistic%20photograph%2C%20single%20real%20object%2C%20DSLR%2C%20soft%20studio%20light%2C%20plain%20neutral%20light%20grey%20background%2C%20centered%2C%20sharp%20focus%2C%20high%20detail%2C%20no%20text%2C%20no%20watermark%2C%20no%20logo%2C%20no%20illustration%2C%20no%20cartoon%2C%20photorealistic%2C%20a%20real%20a%20folded%20bath%20towel?width=1024&height=1024&nologo=true&seed=5001&model=flux
toothbrush	https://image.pollinations.ai/prompt/professional%20realistic%20photograph%2C%20single%20real%20object%2C%20DSLR%2C%20soft%20studio%20light%2C%20plain%20neutral%20light%20grey%20background%2C%20centered%2C%20sharp%20focus%2C%20high%20detail%2C%20no%20text%2C%20no%20watermark%2C%20no%20logo%2C%20no%20illustration%2C%20no%20cartoon%2C%20photorealistic%2C%20a%20real%20a%20single%20toothbrush?width=1024&height=1024&nologo=true&seed=5002&model=flux
soap	https://image.pollinations.ai/prompt/professional%20realistic%20photograph%2C%20single%20real%20object%2C%20DSLR%2C%20soft%20studio%20light%2C%20plain%20neutral%20light%20grey%20background%2C%20centered%2C%20sharp%20focus%2C%20high%20detail%2C%20no%20text%2C%20no%20watermark%2C%20no%20logo%2C%20no%20illustration%2C%20no%20cartoon%2C%20photorealistic%2C%20a%20real%20a%20bar%20of%20soap?width=1024&height=1024&nologo=true&seed=5003&model=flux
shampoo	https://image.pollinations.ai/prompt/professional%20realistic%20photograph%2C%20single%20real%20object%2C%20DSLR%2C%20soft%20studio%20light%2C%20plain%20neutral%20light%20grey%20background%2C%20centered%2C%20sharp%20focus%2C%20high%20detail%2C%20no%20text%2C%20no%20watermark%2C%20no%20logo%2C%20no%20illustration%2C%20no%20cartoon%2C%20photorealistic%2C%20a%20real%20a%20bottle%20of%20shampoo?width=1024&height=1024&nologo=true&seed=5004&model=flux
bin	https://image.pollinations.ai/prompt/professional%20realistic%20photograph%2C%20single%20real%20object%2C%20DSLR%2C%20soft%20studio%20light%2C%20plain%20neutral%20light%20grey%20background%2C%20centered%2C%20sharp%20focus%2C%20high%20detail%2C%20no%20text%2C%20no%20watermark%2C%20no%20logo%2C%20no%20illustration%2C%20no%20cartoon%2C%20photorealistic%2C%20a%20real%20a%20rubbish%20bin?width=1024&height=1024&nologo=true&seed=5005&model=flux
sunset	https://image.pollinations.ai/prompt/professional%20realistic%20photograph%2C%20single%20real%20object%2C%20DSLR%2C%20soft%20studio%20light%2C%20plain%20neutral%20light%20grey%20background%2C%20centered%2C%20sharp%20focus%2C%20high%20detail%2C%20no%20text%2C%20no%20watermark%2C%20no%20logo%2C%20no%20illustration%2C%20no%20cartoon%2C%20photorealistic%2C%20a%20real%20a%20beautiful%20orange%20sunset%20over%20the%20sea?width=1024&height=1024&nologo=true&seed=5006&model=flux
candle	https://image.pollinations.ai/prompt/professional%20realistic%20photograph%2C%20single%20real%20object%2C%20DSLR%2C%20soft%20studio%20light%2C%20plain%20neutral%20light%20grey%20background%2C%20centered%2C%20sharp%20focus%2C%20high%20detail%2C%20no%20text%2C%20no%20watermark%2C%20no%20logo%2C%20no%20illustration%2C%20no%20cartoon%2C%20photorealistic%2C%20a%20real%20a%20lit%20candle?width=1024&height=1024&nologo=true&seed=5007&model=flux
blanket	https://image.pollinations.ai/prompt/professional%20realistic%20photograph%2C%20single%20real%20object%2C%20DSLR%2C%20soft%20studio%20light%2C%20plain%20neutral%20light%20grey%20background%2C%20centered%2C%20sharp%20focus%2C%20high%20detail%2C%20no%20text%2C%20no%20watermark%2C%20no%20logo%2C%20no%20illustration%2C%20no%20cartoon%2C%20photorealistic%2C%20a%20real%20a%20folded%20soft%20blanket?width=1024&height=1024&nologo=true&seed=5008&model=flux
vitamin	https://image.pollinations.ai/prompt/professional%20realistic%20photograph%2C%20single%20real%20object%2C%20DSLR%2C%20soft%20studio%20light%2C%20plain%20neutral%20light%20grey%20background%2C%20centered%2C%20sharp%20focus%2C%20high%20detail%2C%20no%20text%2C%20no%20watermark%2C%20no%20logo%2C%20no%20illustration%2C%20no%20cartoon%2C%20photorealistic%2C%20a%20real%20a%20bottle%20of%20vitamin%20pills?width=1024&height=1024&nologo=true&seed=5009&model=flux
fridge	https://image.pollinations.ai/prompt/professional%20realistic%20photograph%2C%20single%20real%20object%2C%20DSLR%2C%20soft%20studio%20light%2C%20plain%20neutral%20light%20grey%20background%2C%20centered%2C%20sharp%20focus%2C%20high%20detail%2C%20no%20text%2C%20no%20watermark%2C%20no%20logo%2C%20no%20illustration%2C%20no%20cartoon%2C%20photorealistic%2C%20a%20real%20a%20modern%20refrigerator?width=1024&height=1024&nologo=true&seed=5010&model=flux
oven	https://image.pollinations.ai/prompt/professional%20realistic%20photograph%2C%20single%20real%20object%2C%20DSLR%2C%20soft%20studio%20light%2C%20plain%20neutral%20light%20grey%20background%2C%20centered%2C%20sharp%20focus%2C%20high%20detail%2C%20no%20text%2C%20no%20watermark%2C%20no%20logo%2C%20no%20illustration%2C%20no%20cartoon%2C%20photorealistic%2C%20a%20real%20a%20kitchen%20oven?width=1024&height=1024&nologo=true&seed=5011&model=flux
stove	https://image.pollinations.ai/prompt/professional%20realistic%20photograph%2C%20single%20real%20object%2C%20DSLR%2C%20soft%20studio%20light%2C%20plain%20neutral%20light%20grey%20background%2C%20centered%2C%20sharp%20focus%2C%20high%20detail%2C%20no%20text%2C%20no%20watermark%2C%20no%20logo%2C%20no%20illustration%2C%20no%20cartoon%2C%20photorealistic%2C%20a%20real%20a%20kitchen%20stove%20with%20burners?width=1024&height=1024&nologo=true&seed=5012&model=flux
kettle	https://image.pollinations.ai/prompt/professional%20realistic%20photograph%2C%20single%20real%20object%2C%20DSLR%2C%20soft%20studio%20light%2C%20plain%20neutral%20light%20grey%20background%2C%20centered%2C%20sharp%20focus%2C%20high%20detail%2C%20no%20text%2C%20no%20watermark%2C%20no%20logo%2C%20no%20illustration%2C%20no%20cartoon%2C%20photorealistic%2C%20a%20real%20an%20electric%20kettle?width=1024&height=1024&nologo=true&seed=5013&model=flux
saucepan	https://image.pollinations.ai/prompt/professional%20realistic%20photograph%2C%20single%20real%20object%2C%20DSLR%2C%20soft%20studio%20light%2C%20plain%20neutral%20light%20grey%20background%2C%20centered%2C%20sharp%20focus%2C%20high%20detail%2C%20no%20text%2C%20no%20watermark%2C%20no%20logo%2C%20no%20illustration%2C%20no%20cartoon%2C%20photorealistic%2C%20a%20real%20a%20metal%20saucepan%20with%20a%20lid?width=1024&height=1024&nologo=true&seed=5014&model=flux
frying_pan	https://image.pollinations.ai/prompt/professional%20realistic%20photograph%2C%20single%20real%20object%2C%20DSLR%2C%20soft%20studio%20light%2C%20plain%20neutral%20light%20grey%20background%2C%20centered%2C%20sharp%20focus%2C%20high%20detail%2C%20no%20text%2C%20no%20watermark%2C%20no%20logo%2C%20no%20illustration%2C%20no%20cartoon%2C%20photorealistic%2C%20a%20real%20a%20black%20frying%20pan?width=1024&height=1024&nologo=true&seed=5015&model=flux
bowl	https://image.pollinations.ai/prompt/professional%20realistic%20photograph%2C%20single%20real%20object%2C%20DSLR%2C%20soft%20studio%20light%2C%20plain%20neutral%20light%20grey%20background%2C%20centered%2C%20sharp%20focus%2C%20high%20detail%2C%20no%20text%2C%20no%20watermark%2C%20no%20logo%2C%20no%20illustration%2C%20no%20cartoon%2C%20photorealistic%2C%20a%20real%20a%20ceramic%20bowl?width=1024&height=1024&nologo=true&seed=5016&model=flux
jug	https://image.pollinations.ai/prompt/professional%20realistic%20photograph%2C%20single%20real%20object%2C%20DSLR%2C%20soft%20studio%20light%2C%20plain%20neutral%20light%20grey%20background%2C%20centered%2C%20sharp%20focus%2C%20high%20detail%2C%20no%20text%2C%20no%20watermark%2C%20no%20logo%2C%20no%20illustration%2C%20no%20cartoon%2C%20photorealistic%2C%20a%20real%20a%20glass%20water%20jug?width=1024&height=1024&nologo=true&seed=5017&model=flux
tray	https://image.pollinations.ai/prompt/professional%20realistic%20photograph%2C%20single%20real%20object%2C%20DSLR%2C%20soft%20studio%20light%2C%20plain%20neutral%20light%20grey%20background%2C%20centered%2C%20sharp%20focus%2C%20high%20detail%2C%20no%20text%2C%20no%20watermark%2C%20no%20logo%2C%20no%20illustration%2C%20no%20cartoon%2C%20photorealistic%2C%20a%20real%20a%20serving%20tray?width=1024&height=1024&nologo=true&seed=5018&model=flux
recipe	https://image.pollinations.ai/prompt/professional%20realistic%20photograph%2C%20single%20real%20object%2C%20DSLR%2C%20soft%20studio%20light%2C%20plain%20neutral%20light%20grey%20background%2C%20centered%2C%20sharp%20focus%2C%20high%20detail%2C%20no%20text%2C%20no%20watermark%2C%20no%20logo%2C%20no%20illustration%2C%20no%20cartoon%2C%20photorealistic%2C%20a%20real%20an%20open%20recipe%20book%20with%20a%20dish?width=1024&height=1024&nologo=true&seed=5019&model=flux
flight	https://image.pollinations.ai/prompt/professional%20realistic%20photograph%2C%20single%20real%20object%2C%20DSLR%2C%20soft%20studio%20light%2C%20plain%20neutral%20light%20grey%20background%2C%20centered%2C%20sharp%20focus%2C%20high%20detail%2C%20no%20text%2C%20no%20watermark%2C%20no%20logo%2C%20no%20illustration%2C%20no%20cartoon%2C%20photorealistic%2C%20a%20real%20an%20airplane%20flying%20in%20the%20sky?width=1024&height=1024&nologo=true&seed=5020&model=flux
luggage	https://image.pollinations.ai/prompt/professional%20realistic%20photograph%2C%20single%20real%20object%2C%20DSLR%2C%20soft%20studio%20light%2C%20plain%20neutral%20light%20grey%20background%2C%20centered%2C%20sharp%20focus%2C%20high%20detail%2C%20no%20text%2C%20no%20watermark%2C%20no%20logo%2C%20no%20illustration%2C%20no%20cartoon%2C%20photorealistic%2C%20a%20real%20a%20stack%20of%20travel%20luggage%20suitcases?width=1024&height=1024&nologo=true&seed=5021&model=flux
suitcase	https://image.pollinations.ai/prompt/professional%20realistic%20photograph%2C%20single%20real%20object%2C%20DSLR%2C%20soft%20studio%20light%2C%20plain%20neutral%20light%20grey%20background%2C%20centered%2C%20sharp%20focus%2C%20high%20detail%2C%20no%20text%2C%20no%20watermark%2C%20no%20logo%2C%20no%20illustration%2C%20no%20cartoon%2C%20photorealistic%2C%20a%20real%20a%20travel%20suitcase?width=1024&height=1024&nologo=true&seed=5022&model=flux
handbag	https://image.pollinations.ai/prompt/professional%20realistic%20photograph%2C%20single%20real%20object%2C%20DSLR%2C%20soft%20studio%20light%2C%20plain%20neutral%20light%20grey%20background%2C%20centered%2C%20sharp%20focus%2C%20high%20detail%2C%20no%20text%2C%20no%20watermark%2C%20no%20logo%2C%20no%20illustration%2C%20no%20cartoon%2C%20photorealistic%2C%20a%20real%20a%20leather%20handbag?width=1024&height=1024&nologo=true&seed=5023&model=flux
visa	https://image.pollinations.ai/prompt/professional%20realistic%20photograph%2C%20single%20real%20object%2C%20DSLR%2C%20soft%20studio%20light%2C%20plain%20neutral%20light%20grey%20background%2C%20centered%2C%20sharp%20focus%2C%20high%20detail%2C%20no%20text%2C%20no%20watermark%2C%20no%20logo%2C%20no%20illustration%2C%20no%20cartoon%2C%20photorealistic%2C%20a%20real%20a%20passport%20with%20a%20visa%20stamp%20page?width=1024&height=1024&nologo=true&seed=5024&model=flux
luggage_claim	https://image.pollinations.ai/prompt/professional%20realistic%20photograph%2C%20single%20real%20object%2C%20DSLR%2C%20soft%20studio%20light%2C%20plain%20neutral%20light%20grey%20background%2C%20centered%2C%20sharp%20focus%2C%20high%20detail%2C%20no%20text%2C%20no%20watermark%2C%20no%20logo%2C%20no%20illustration%2C%20no%20cartoon%2C%20photorealistic%2C%20a%20real%20an%20airport%20luggage%20claim%20carousel%20with%20bags?width=1024&height=1024&nologo=true&seed=5025&model=flux
boarding_pass	https://image.pollinations.ai/prompt/professional%20realistic%20photograph%2C%20single%20real%20object%2C%20DSLR%2C%20soft%20studio%20light%2C%20plain%20neutral%20light%20grey%20background%2C%20centered%2C%20sharp%20focus%2C%20high%20detail%2C%20no%20text%2C%20no%20watermark%2C%20no%20logo%2C%20no%20illustration%2C%20no%20cartoon%2C%20photorealistic%2C%20a%20real%20an%20airplane%20boarding%20pass%20ticket?width=1024&height=1024&nologo=true&seed=5026&model=flux
lift	https://image.pollinations.ai/prompt/professional%20realistic%20photograph%2C%20single%20real%20object%2C%20DSLR%2C%20soft%20studio%20light%2C%20plain%20neutral%20light%20grey%20background%2C%20centered%2C%20sharp%20focus%2C%20high%20detail%2C%20no%20text%2C%20no%20watermark%2C%20no%20logo%2C%20no%20illustration%2C%20no%20cartoon%2C%20photorealistic%2C%20a%20real%20an%20open%20elevator%20lift?width=1024&height=1024&nologo=true&seed=5027&model=flux
pillow	https://image.pollinations.ai/prompt/professional%20realistic%20photograph%2C%20single%20real%20object%2C%20DSLR%2C%20soft%20studio%20light%2C%20plain%20neutral%20light%20grey%20background%2C%20centered%2C%20sharp%20focus%2C%20high%20detail%2C%20no%20text%2C%20no%20watermark%2C%20no%20logo%2C%20no%20illustration%2C%20no%20cartoon%2C%20photorealistic%2C%20a%20real%20a%20soft%20white%20pillow?width=1024&height=1024&nologo=true&seed=5028&model=flux
souvenir	https://image.pollinations.ai/prompt/professional%20realistic%20photograph%2C%20single%20real%20object%2C%20DSLR%2C%20soft%20studio%20light%2C%20plain%20neutral%20light%20grey%20background%2C%20centered%2C%20sharp%20focus%2C%20high%20detail%2C%20no%20text%2C%20no%20watermark%2C%20no%20logo%2C%20no%20illustration%2C%20no%20cartoon%2C%20photorealistic%2C%20a%20real%20small%20travel%20souvenir%20gifts?width=1024&height=1024&nologo=true&seed=5029&model=flux
postcard	https://image.pollinations.ai/prompt/professional%20realistic%20photograph%2C%20single%20real%20object%2C%20DSLR%2C%20soft%20studio%20light%2C%20plain%20neutral%20light%20grey%20background%2C%20centered%2C%20sharp%20focus%2C%20high%20detail%2C%20no%20text%2C%20no%20watermark%2C%20no%20logo%2C%20no%20illustration%2C%20no%20cartoon%2C%20photorealistic%2C%20a%20real%20a%20travel%20postcard?width=1024&height=1024&nologo=true&seed=5030&model=flux
signpost	https://image.pollinations.ai/prompt/professional%20realistic%20photograph%2C%20single%20real%20object%2C%20DSLR%2C%20soft%20studio%20light%2C%20plain%20neutral%20light%20grey%20background%2C%20centered%2C%20sharp%20focus%2C%20high%20detail%2C%20no%20text%2C%20no%20watermark%2C%20no%20logo%2C%20no%20illustration%2C%20no%20cartoon%2C%20photorealistic%2C%20a%20real%20a%20wooden%20directional%20signpost?width=1024&height=1024&nologo=true&seed=5031&model=flux
traffic_lights	https://image.pollinations.ai/prompt/professional%20realistic%20photograph%2C%20single%20real%20object%2C%20DSLR%2C%20soft%20studio%20light%2C%20plain%20neutral%20light%20grey%20background%2C%20centered%2C%20sharp%20focus%2C%20high%20detail%2C%20no%20text%2C%20no%20watermark%2C%20no%20logo%2C%20no%20illustration%2C%20no%20cartoon%2C%20photorealistic%2C%20a%20real%20a%20traffic%20light%20showing%20red?width=1024&height=1024&nologo=true&seed=5032&model=flux
underground	https://image.pollinations.ai/prompt/professional%20realistic%20photograph%2C%20single%20real%20object%2C%20DSLR%2C%20soft%20studio%20light%2C%20plain%20neutral%20light%20grey%20background%2C%20centered%2C%20sharp%20focus%2C%20high%20detail%2C%20no%20text%2C%20no%20watermark%2C%20no%20logo%2C%20no%20illustration%2C%20no%20cartoon%2C%20photorealistic%2C%20a%20real%20an%20underground%20metro%20train?width=1024&height=1024&nologo=true&seed=5033&model=flux
tram	https://image.pollinations.ai/prompt/professional%20realistic%20photograph%2C%20single%20real%20object%2C%20DSLR%2C%20soft%20studio%20light%2C%20plain%20neutral%20light%20grey%20background%2C%20centered%2C%20sharp%20focus%2C%20high%20detail%2C%20no%20text%2C%20no%20watermark%2C%20no%20logo%2C%20no%20illustration%2C%20no%20cartoon%2C%20photorealistic%2C%20a%20real%20a%20city%20tram%20on%20rails?width=1024&height=1024&nologo=true&seed=5034&model=flux
ticket_machine	https://image.pollinations.ai/prompt/professional%20realistic%20photograph%2C%20single%20real%20object%2C%20DSLR%2C%20soft%20studio%20light%2C%20plain%20neutral%20light%20grey%20background%2C%20centered%2C%20sharp%20focus%2C%20high%20detail%2C%20no%20text%2C%20no%20watermark%2C%20no%20logo%2C%20no%20illustration%2C%20no%20cartoon%2C%20photorealistic%2C%20a%20real%20a%20ticket%20vending%20machine?width=1024&height=1024&nologo=true&seed=5035&model=flux
motorway	https://image.pollinations.ai/prompt/professional%20realistic%20photograph%2C%20single%20real%20object%2C%20DSLR%2C%20soft%20studio%20light%2C%20plain%20neutral%20light%20grey%20background%2C%20centered%2C%20sharp%20focus%2C%20high%20detail%2C%20no%20text%2C%20no%20watermark%2C%20no%20logo%2C%20no%20illustration%2C%20no%20cartoon%2C%20photorealistic%2C%20a%20real%20a%20wide%20multi-lane%20motorway%20highway?width=1024&height=1024&nologo=true&seed=5036&model=flux
printer	https://image.pollinations.ai/prompt/professional%20realistic%20photograph%2C%20single%20real%20object%2C%20DSLR%2C%20soft%20studio%20light%2C%20plain%20neutral%20light%20grey%20background%2C%20centered%2C%20sharp%20focus%2C%20high%20detail%2C%20no%20text%2C%20no%20watermark%2C%20no%20logo%2C%20no%20illustration%2C%20no%20cartoon%2C%20photorealistic%2C%20a%20real%20an%20office%20printer?width=1024&height=1024&nologo=true&seed=5037&model=flux
bruise	https://image.pollinations.ai/prompt/professional%20realistic%20photograph%2C%20single%20real%20object%2C%20DSLR%2C%20soft%20studio%20light%2C%20plain%20neutral%20light%20grey%20background%2C%20centered%2C%20sharp%20focus%2C%20high%20detail%2C%20no%20text%2C%20no%20watermark%2C%20no%20logo%2C%20no%20illustration%2C%20no%20cartoon%2C%20photorealistic%2C%20a%20purple%20bruise%20on%20human%20skin?width=1024&height=1024&nologo=true&seed=5038&model=flux
wound	https://image.pollinations.ai/prompt/professional%20realistic%20photograph%2C%20single%20real%20object%2C%20DSLR%2C%20soft%20studio%20light%2C%20plain%20neutral%20light%20grey%20background%2C%20centered%2C%20sharp%20focus%2C%20high%20detail%2C%20no%20text%2C%20no%20watermark%2C%20no%20logo%2C%20no%20illustration%2C%20no%20cartoon%2C%20photorealistic%2C%20a%20small%20cut%20wound%20on%20skin%20with%20a%20bandage%20nearby?width=1024&height=1024&nologo=true&seed=5039&model=flux
sling	https://image.pollinations.ai/prompt/professional%20realistic%20portrait%20photograph%2C%20DSLR%2C%20soft%20natural%20light%2C%20plain%20neutral%20background%2C%20sharp%20focus%2C%20photorealistic%2C%20no%20text%2C%20no%20watermark%2C%20an%20arm%20in%20a%20medical%20support%20sling?width=1024&height=1024&nologo=true&seed=5040&model=flux
ointment	https://image.pollinations.ai/prompt/professional%20realistic%20photograph%2C%20single%20real%20object%2C%20DSLR%2C%20soft%20studio%20light%2C%20plain%20neutral%20light%20grey%20background%2C%20centered%2C%20sharp%20focus%2C%20high%20detail%2C%20no%20text%2C%20no%20watermark%2C%20no%20logo%2C%20no%20illustration%2C%20no%20cartoon%2C%20photorealistic%2C%20a%20tube%20of%20medical%20ointment%20cream?width=1024&height=1024&nologo=true&seed=5041&model=flux
injection	https://image.pollinations.ai/prompt/professional%20realistic%20photograph%2C%20single%20real%20object%2C%20DSLR%2C%20soft%20studio%20light%2C%20plain%20neutral%20light%20grey%20background%2C%20centered%2C%20sharp%20focus%2C%20high%20detail%2C%20no%20text%2C%20no%20watermark%2C%20no%20logo%2C%20no%20illustration%2C%20no%20cartoon%2C%20photorealistic%2C%20a%20medical%20syringe%20injection%20needle?width=1024&height=1024&nologo=true&seed=5042&model=flux
painting	https://image.pollinations.ai/prompt/professional%20realistic%20photograph%2C%20single%20real%20object%2C%20DSLR%2C%20soft%20studio%20light%2C%20plain%20neutral%20light%20grey%20background%2C%20centered%2C%20sharp%20focus%2C%20high%20detail%2C%20no%20text%2C%20no%20watermark%2C%20no%20logo%2C%20no%20illustration%2C%20no%20cartoon%2C%20photorealistic%2C%20a%20real%20a%20framed%20painting%20on%20an%20easel?width=1024&height=1024&nologo=true&seed=5043&model=flux
drawing	https://image.pollinations.ai/prompt/professional%20realistic%20photograph%2C%20single%20real%20object%2C%20DSLR%2C%20soft%20studio%20light%2C%20plain%20neutral%20light%20grey%20background%2C%20centered%2C%20sharp%20focus%2C%20high%20detail%2C%20no%20text%2C%20no%20watermark%2C%20no%20logo%2C%20no%20illustration%2C%20no%20cartoon%2C%20photorealistic%2C%20a%20real%20a%20pencil%20drawing%20on%20paper?width=1024&height=1024&nologo=true&seed=5044&model=flux
photography	https://image.pollinations.ai/prompt/professional%20realistic%20photograph%2C%20single%20real%20object%2C%20DSLR%2C%20soft%20studio%20light%2C%20plain%20neutral%20light%20grey%20background%2C%20centered%2C%20sharp%20focus%2C%20high%20detail%2C%20no%20text%2C%20no%20watermark%2C%20no%20logo%2C%20no%20illustration%2C%20no%20cartoon%2C%20photorealistic%2C%20a%20real%20a%20professional%20camera%20on%20a%20tripod?width=1024&height=1024&nologo=true&seed=5045&model=flux
gardening	https://image.pollinations.ai/prompt/professional%20realistic%20photograph%2C%20single%20real%20object%2C%20DSLR%2C%20soft%20studio%20light%2C%20plain%20neutral%20light%20grey%20background%2C%20centered%2C%20sharp%20focus%2C%20high%20detail%2C%20no%20text%2C%20no%20watermark%2C%20no%20logo%2C%20no%20illustration%2C%20no%20cartoon%2C%20photorealistic%2C%20a%20real%20gardening%20tools%20and%20plants%20in%20soil?width=1024&height=1024&nologo=true&seed=5046&model=flux
fishing	https://image.pollinations.ai/prompt/professional%20realistic%20photograph%2C%20single%20real%20object%2C%20DSLR%2C%20soft%20studio%20light%2C%20plain%20neutral%20light%20grey%20background%2C%20centered%2C%20sharp%20focus%2C%20high%20detail%2C%20no%20text%2C%20no%20watermark%2C%20no%20logo%2C%20no%20illustration%2C%20no%20cartoon%2C%20photorealistic%2C%20a%20real%20a%20fishing%20rod%20by%20a%20lake?width=1024&height=1024&nologo=true&seed=5047&model=flux
knitting	https://image.pollinations.ai/prompt/professional%20realistic%20photograph%2C%20single%20real%20object%2C%20DSLR%2C%20soft%20studio%20light%2C%20plain%20neutral%20light%20grey%20background%2C%20centered%2C%20sharp%20focus%2C%20high%20detail%2C%20no%20text%2C%20no%20watermark%2C%20no%20logo%2C%20no%20illustration%2C%20no%20cartoon%2C%20photorealistic%2C%20a%20real%20knitting%20needles%20with%20wool%20yarn?width=1024&height=1024&nologo=true&seed=5048&model=flux
chess	https://image.pollinations.ai/prompt/professional%20realistic%20photograph%2C%20single%20real%20object%2C%20DSLR%2C%20soft%20studio%20light%2C%20plain%20neutral%20light%20grey%20background%2C%20centered%2C%20sharp%20focus%2C%20high%20detail%2C%20no%20text%2C%20no%20watermark%2C%20no%20logo%2C%20no%20illustration%2C%20no%20cartoon%2C%20photorealistic%2C%20a%20real%20a%20chess%20board%20with%20pieces?width=1024&height=1024&nologo=true&seed=5049&model=flux
cycling	https://image.pollinations.ai/prompt/professional%20realistic%20photograph%2C%20single%20real%20object%2C%20DSLR%2C%20soft%20studio%20light%2C%20plain%20neutral%20light%20grey%20background%2C%20centered%2C%20sharp%20focus%2C%20high%20detail%2C%20no%20text%2C%20no%20watermark%2C%20no%20logo%2C%20no%20illustration%2C%20no%20cartoon%2C%20photorealistic%2C%20a%20real%20a%20bicycle%20on%20a%20road?width=1024&height=1024&nologo=true&seed=5050&model=flux
cooking	https://image.pollinations.ai/prompt/professional%20realistic%20photograph%2C%20single%20real%20object%2C%20DSLR%2C%20soft%20studio%20light%2C%20plain%20neutral%20light%20grey%20background%2C%20centered%2C%20sharp%20focus%2C%20high%20detail%2C%20no%20text%2C%20no%20watermark%2C%20no%20logo%2C%20no%20illustration%2C%20no%20cartoon%2C%20photorealistic%2C%20a%20real%20cooking%20pots%20on%20a%20stove%20with%20steam?width=1024&height=1024&nologo=true&seed=5051&model=flux
basketball	https://image.pollinations.ai/prompt/professional%20realistic%20photograph%2C%20single%20real%20object%2C%20DSLR%2C%20soft%20studio%20light%2C%20plain%20neutral%20light%20grey%20background%2C%20centered%2C%20sharp%20focus%2C%20high%20detail%2C%20no%20text%2C%20no%20watermark%2C%20no%20logo%2C%20no%20illustration%2C%20no%20cartoon%2C%20photorealistic%2C%20a%20real%20an%20orange%20basketball?width=1024&height=1024&nologo=true&seed=5052&model=flux
volleyball	https://image.pollinations.ai/prompt/professional%20realistic%20photograph%2C%20single%20real%20object%2C%20DSLR%2C%20soft%20studio%20light%2C%20plain%20neutral%20light%20grey%20background%2C%20centered%2C%20sharp%20focus%2C%20high%20detail%2C%20no%20text%2C%20no%20watermark%2C%20no%20logo%2C%20no%20illustration%2C%20no%20cartoon%2C%20photorealistic%2C%20a%20real%20a%20white%20volleyball?width=1024&height=1024&nologo=true&seed=5053&model=flux
boxing	https://image.pollinations.ai/prompt/professional%20realistic%20photograph%2C%20single%20real%20object%2C%20DSLR%2C%20soft%20studio%20light%2C%20plain%20neutral%20light%20grey%20background%2C%20centered%2C%20sharp%20focus%2C%20high%20detail%2C%20no%20text%2C%20no%20watermark%2C%20no%20logo%2C%20no%20illustration%2C%20no%20cartoon%2C%20photorealistic%2C%20a%20real%20red%20boxing%20gloves?width=1024&height=1024&nologo=true&seed=5054&model=flux
skiing	https://image.pollinations.ai/prompt/professional%20realistic%20photograph%2C%20single%20real%20object%2C%20DSLR%2C%20soft%20studio%20light%2C%20plain%20neutral%20light%20grey%20background%2C%20centered%2C%20sharp%20focus%2C%20high%20detail%2C%20no%20text%2C%20no%20watermark%2C%20no%20logo%2C%20no%20illustration%2C%20no%20cartoon%2C%20photorealistic%2C%20a%20real%20skis%20and%20ski%20poles%20on%20snow?width=1024&height=1024&nologo=true&seed=5055&model=flux
skating	https://image.pollinations.ai/prompt/professional%20realistic%20photograph%2C%20single%20real%20object%2C%20DSLR%2C%20soft%20studio%20light%2C%20plain%20neutral%20light%20grey%20background%2C%20centered%2C%20sharp%20focus%2C%20high%20detail%2C%20no%20text%2C%20no%20watermark%2C%20no%20logo%2C%20no%20illustration%2C%20no%20cartoon%2C%20photorealistic%2C%20a%20real%20a%20pair%20of%20ice%20skates?width=1024&height=1024&nologo=true&seed=5056&model=flux
climbing	https://image.pollinations.ai/prompt/professional%20realistic%20photograph%2C%20single%20real%20object%2C%20DSLR%2C%20soft%20studio%20light%2C%20plain%20neutral%20light%20grey%20background%2C%20centered%2C%20sharp%20focus%2C%20high%20detail%2C%20no%20text%2C%20no%20watermark%2C%20no%20logo%2C%20no%20illustration%2C%20no%20cartoon%2C%20photorealistic%2C%20a%20real%20rock%20climbing%20equipment%20and%20rope?width=1024&height=1024&nologo=true&seed=5057&model=flux
wrestling	https://image.pollinations.ai/prompt/professional%20realistic%20photograph%2C%20single%20real%20object%2C%20DSLR%2C%20soft%20studio%20light%2C%20plain%20neutral%20light%20grey%20background%2C%20centered%2C%20sharp%20focus%2C%20high%20detail%2C%20no%20text%2C%20no%20watermark%2C%20no%20logo%2C%20no%20illustration%2C%20no%20cartoon%2C%20photorealistic%2C%20a%20real%20a%20wrestling%20mat%20arena?width=1024&height=1024&nologo=true&seed=5058&model=flux
gymnastics	https://image.pollinations.ai/prompt/professional%20realistic%20photograph%2C%20single%20real%20object%2C%20DSLR%2C%20soft%20studio%20light%2C%20plain%20neutral%20light%20grey%20background%2C%20centered%2C%20sharp%20focus%2C%20high%20detail%2C%20no%20text%2C%20no%20watermark%2C%20no%20logo%2C%20no%20illustration%2C%20no%20cartoon%2C%20photorealistic%2C%20a%20real%20gymnastics%20rings%20in%20a%20gym?width=1024&height=1024&nologo=true&seed=5059&model=flux
guitar	https://image.pollinations.ai/prompt/professional%20realistic%20photograph%2C%20single%20real%20object%2C%20DSLR%2C%20soft%20studio%20light%2C%20plain%20neutral%20light%20grey%20background%2C%20centered%2C%20sharp%20focus%2C%20high%20detail%2C%20no%20text%2C%20no%20watermark%2C%20no%20logo%2C%20no%20illustration%2C%20no%20cartoon%2C%20photorealistic%2C%20a%20real%20an%20acoustic%20guitar?width=1024&height=1024&nologo=true&seed=5060&model=flux
piano	https://image.pollinations.ai/prompt/professional%20realistic%20photograph%2C%20single%20real%20object%2C%20DSLR%2C%20soft%20studio%20light%2C%20plain%20neutral%20light%20grey%20background%2C%20centered%2C%20sharp%20focus%2C%20high%20detail%2C%20no%20text%2C%20no%20watermark%2C%20no%20logo%2C%20no%20illustration%2C%20no%20cartoon%2C%20photorealistic%2C%20a%20real%20a%20grand%20piano?width=1024&height=1024&nologo=true&seed=5061&model=flux
drums	https://image.pollinations.ai/prompt/professional%20realistic%20photograph%2C%20single%20real%20object%2C%20DSLR%2C%20soft%20studio%20light%2C%20plain%20neutral%20light%20grey%20background%2C%20centered%2C%20sharp%20focus%2C%20high%20detail%2C%20no%20text%2C%20no%20watermark%2C%20no%20logo%2C%20no%20illustration%2C%20no%20cartoon%2C%20photorealistic%2C%20a%20real%20a%20drum%20kit%20set?width=1024&height=1024&nologo=true&seed=5062&model=flux
violin	https://image.pollinations.ai/prompt/professional%20realistic%20photograph%2C%20single%20real%20object%2C%20DSLR%2C%20soft%20studio%20light%2C%20plain%20neutral%20light%20grey%20background%2C%20centered%2C%20sharp%20focus%2C%20high%20detail%2C%20no%20text%2C%20no%20watermark%2C%20no%20logo%2C%20no%20illustration%2C%20no%20cartoon%2C%20photorealistic%2C%20a%20real%20a%20violin%20with%20a%20bow?width=1024&height=1024&nologo=true&seed=5063&model=flux
theatre	https://image.pollinations.ai/prompt/professional%20realistic%20photograph%2C%20single%20real%20object%2C%20DSLR%2C%20soft%20studio%20light%2C%20plain%20neutral%20light%20grey%20background%2C%20centered%2C%20sharp%20focus%2C%20high%20detail%2C%20no%20text%2C%20no%20watermark%2C%20no%20logo%2C%20no%20illustration%2C%20no%20cartoon%2C%20photorealistic%2C%20a%20real%20an%20empty%20theatre%20stage%20with%20red%20curtains?width=1024&height=1024&nologo=true&seed=5064&model=flux
puzzle	https://image.pollinations.ai/prompt/professional%20realistic%20photograph%2C%20single%20real%20object%2C%20DSLR%2C%20soft%20studio%20light%2C%20plain%20neutral%20light%20grey%20background%2C%20centered%2C%20sharp%20focus%2C%20high%20detail%2C%20no%20text%2C%20no%20watermark%2C%20no%20logo%2C%20no%20illustration%2C%20no%20cartoon%2C%20photorealistic%2C%20a%20real%20a%20jigsaw%20puzzle%20pieces?width=1024&height=1024&nologo=true&seed=5065&model=flux
cards	https://image.pollinations.ai/prompt/professional%20realistic%20photograph%2C%20single%20real%20object%2C%20DSLR%2C%20soft%20studio%20light%2C%20plain%20neutral%20light%20grey%20background%2C%20centered%2C%20sharp%20focus%2C%20high%20detail%2C%20no%20text%2C%20no%20watermark%2C%20no%20logo%2C%20no%20illustration%2C%20no%20cartoon%2C%20photorealistic%2C%20a%20real%20a%20fan%20of%20playing%20cards?width=1024&height=1024&nologo=true&seed=5066&model=flux
cartoon	https://image.pollinations.ai/prompt/professional%20realistic%20photograph%2C%20single%20real%20object%2C%20DSLR%2C%20soft%20studio%20light%2C%20plain%20neutral%20light%20grey%20background%2C%20centered%2C%20sharp%20focus%2C%20high%20detail%2C%20no%20text%2C%20no%20watermark%2C%20no%20logo%2C%20no%20illustration%2C%20no%20cartoon%2C%20photorealistic%2C%20a%20real%20a%20colorful%20cartoon%20drawing%20on%20a%20screen?width=1024&height=1024&nologo=true&seed=5067&model=flux
novel	https://image.pollinations.ai/prompt/professional%20realistic%20photograph%2C%20single%20real%20object%2C%20DSLR%2C%20soft%20studio%20light%2C%20plain%20neutral%20light%20grey%20background%2C%20centered%2C%20sharp%20focus%2C%20high%20detail%2C%20no%20text%2C%20no%20watermark%2C%20no%20logo%2C%20no%20illustration%2C%20no%20cartoon%2C%20photorealistic%2C%20a%20real%20an%20open%20novel%20book?width=1024&height=1024&nologo=true&seed=5068&model=flux
magazine	https://image.pollinations.ai/prompt/professional%20realistic%20photograph%2C%20single%20real%20object%2C%20DSLR%2C%20soft%20studio%20light%2C%20plain%20neutral%20light%20grey%20background%2C%20centered%2C%20sharp%20focus%2C%20high%20detail%2C%20no%20text%2C%20no%20watermark%2C%20no%20logo%2C%20no%20illustration%2C%20no%20cartoon%2C%20photorealistic%2C%20a%20real%20a%20glossy%20magazine?width=1024&height=1024&nologo=true&seed=5069&model=flux
laptop	https://image.pollinations.ai/prompt/professional%20realistic%20photograph%2C%20single%20real%20object%2C%20DSLR%2C%20soft%20studio%20light%2C%20plain%20neutral%20light%20grey%20background%2C%20centered%2C%20sharp%20focus%2C%20high%20detail%2C%20no%20text%2C%20no%20watermark%2C%20no%20logo%2C%20no%20illustration%2C%20no%20cartoon%2C%20photorealistic%2C%20a%20real%20an%20open%20laptop%20computer?width=1024&height=1024&nologo=true&seed=5070&model=flux
screen	https://image.pollinations.ai/prompt/professional%20realistic%20photograph%2C%20single%20real%20object%2C%20DSLR%2C%20soft%20studio%20light%2C%20plain%20neutral%20light%20grey%20background%2C%20centered%2C%20sharp%20focus%2C%20high%20detail%2C%20no%20text%2C%20no%20watermark%2C%20no%20logo%2C%20no%20illustration%2C%20no%20cartoon%2C%20photorealistic%2C%20a%20real%20a%20computer%20monitor%20screen?width=1024&height=1024&nologo=true&seed=5071&model=flux
keyboard	https://image.pollinations.ai/prompt/professional%20realistic%20photograph%2C%20single%20real%20object%2C%20DSLR%2C%20soft%20studio%20light%2C%20plain%20neutral%20light%20grey%20background%2C%20centered%2C%20sharp%20focus%2C%20high%20detail%2C%20no%20text%2C%20no%20watermark%2C%20no%20logo%2C%20no%20illustration%2C%20no%20cartoon%2C%20photorealistic%2C%20a%20real%20a%20computer%20keyboard?width=1024&height=1024&nologo=true&seed=5072&model=flux
charger	https://image.pollinations.ai/prompt/professional%20realistic%20photograph%2C%20single%20real%20object%2C%20DSLR%2C%20soft%20studio%20light%2C%20plain%20neutral%20light%20grey%20background%2C%20centered%2C%20sharp%20focus%2C%20high%20detail%2C%20no%20text%2C%20no%20watermark%2C%20no%20logo%2C%20no%20illustration%2C%20no%20cartoon%2C%20photorealistic%2C%20a%20real%20a%20phone%20charger%20cable%20and%20plug?width=1024&height=1024&nologo=true&seed=5073&model=flux
battery	https://image.pollinations.ai/prompt/professional%20realistic%20photograph%2C%20single%20real%20object%2C%20DSLR%2C%20soft%20studio%20light%2C%20plain%20neutral%20light%20grey%20background%2C%20centered%2C%20sharp%20focus%2C%20high%20detail%2C%20no%20text%2C%20no%20watermark%2C%20no%20logo%2C%20no%20illustration%2C%20no%20cartoon%2C%20photorealistic%2C%20a%20real%20a%20set%20of%20batteries?width=1024&height=1024&nologo=true&seed=5074&model=flux
headphones	https://image.pollinations.ai/prompt/professional%20realistic%20photograph%2C%20single%20real%20object%2C%20DSLR%2C%20soft%20studio%20light%2C%20plain%20neutral%20light%20grey%20background%2C%20centered%2C%20sharp%20focus%2C%20high%20detail%2C%20no%20text%2C%20no%20watermark%2C%20no%20logo%2C%20no%20illustration%2C%20no%20cartoon%2C%20photorealistic%2C%20a%20real%20a%20pair%20of%20headphones?width=1024&height=1024&nologo=true&seed=5075&model=flux
speaker	https://image.pollinations.ai/prompt/professional%20realistic%20photograph%2C%20single%20real%20object%2C%20DSLR%2C%20soft%20studio%20light%2C%20plain%20neutral%20light%20grey%20background%2C%20centered%2C%20sharp%20focus%2C%20high%20detail%2C%20no%20text%2C%20no%20watermark%2C%20no%20logo%2C%20no%20illustration%2C%20no%20cartoon%2C%20photorealistic%2C%20a%20real%20a%20bluetooth%20speaker?width=1024&height=1024&nologo=true&seed=5076&model=flux
webcam	https://image.pollinations.ai/prompt/professional%20realistic%20photograph%2C%20single%20real%20object%2C%20DSLR%2C%20soft%20studio%20light%2C%20plain%20neutral%20light%20grey%20background%2C%20centered%2C%20sharp%20focus%2C%20high%20detail%2C%20no%20text%2C%20no%20watermark%2C%20no%20logo%2C%20no%20illustration%2C%20no%20cartoon%2C%20photorealistic%2C%20a%20real%20a%20webcam%20camera?width=1024&height=1024&nologo=true&seed=5077&model=flux
cable	https://image.pollinations.ai/prompt/professional%20realistic%20photograph%2C%20single%20real%20object%2C%20DSLR%2C%20soft%20studio%20light%2C%20plain%20neutral%20light%20grey%20background%2C%20centered%2C%20sharp%20focus%2C%20high%20detail%2C%20no%20text%2C%20no%20watermark%2C%20no%20logo%2C%20no%20illustration%2C%20no%20cartoon%2C%20photorealistic%2C%20a%20real%20coiled%20electric%20cables?width=1024&height=1024&nologo=true&seed=5078&model=flux
thunder	https://image.pollinations.ai/prompt/professional%20realistic%20photograph%2C%20single%20real%20object%2C%20DSLR%2C%20soft%20studio%20light%2C%20plain%20neutral%20light%20grey%20background%2C%20centered%2C%20sharp%20focus%2C%20high%20detail%2C%20no%20text%2C%20no%20watermark%2C%20no%20logo%2C%20no%20illustration%2C%20no%20cartoon%2C%20photorealistic%2C%20a%20real%20a%20dramatic%20thunderstorm%20cloud?width=1024&height=1024&nologo=true&seed=5079&model=flux
lightning	https://image.pollinations.ai/prompt/professional%20realistic%20photograph%2C%20single%20real%20object%2C%20DSLR%2C%20soft%20studio%20light%2C%20plain%20neutral%20light%20grey%20background%2C%20centered%2C%20sharp%20focus%2C%20high%20detail%2C%20no%20text%2C%20no%20watermark%2C%20no%20logo%2C%20no%20illustration%2C%20no%20cartoon%2C%20photorealistic%2C%20a%20real%20a%20lightning%20bolt%20in%20a%20dark%20sky?width=1024&height=1024&nologo=true&seed=5080&model=flux
rainbow	https://image.pollinations.ai/prompt/professional%20realistic%20photograph%2C%20single%20real%20object%2C%20DSLR%2C%20soft%20studio%20light%2C%20plain%20neutral%20light%20grey%20background%2C%20centered%2C%20sharp%20focus%2C%20high%20detail%2C%20no%20text%2C%20no%20watermark%2C%20no%20logo%2C%20no%20illustration%2C%20no%20cartoon%2C%20photorealistic%2C%20a%20real%20a%20colorful%20rainbow%20over%20a%20green%20field?width=1024&height=1024&nologo=true&seed=5081&model=flux
shower	https://image.pollinations.ai/prompt/professional%20realistic%20photograph%2C%20single%20real%20object%2C%20DSLR%2C%20soft%20studio%20light%2C%20plain%20neutral%20light%20grey%20background%2C%20centered%2C%20sharp%20focus%2C%20high%20detail%2C%20no%20text%2C%20no%20watermark%2C%20no%20logo%2C%20no%20illustration%2C%20no%20cartoon%2C%20photorealistic%2C%20a%20real%20rain%20shower%20falling?width=1024&height=1024&nologo=true&seed=5082&model=flux
breeze	https://image.pollinations.ai/prompt/professional%20realistic%20photograph%2C%20single%20real%20object%2C%20DSLR%2C%20soft%20studio%20light%2C%20plain%20neutral%20light%20grey%20background%2C%20centered%2C%20sharp%20focus%2C%20high%20detail%2C%20no%20text%2C%20no%20watermark%2C%20no%20logo%2C%20no%20illustration%2C%20no%20cartoon%2C%20photorealistic%2C%20a%20real%20grass%20and%20trees%20gently%20blowing%20in%20a%20breeze?width=1024&height=1024&nologo=true&seed=5083&model=flux
rubbish	https://image.pollinations.ai/prompt/professional%20realistic%20photograph%2C%20single%20real%20object%2C%20DSLR%2C%20soft%20studio%20light%2C%20plain%20neutral%20light%20grey%20background%2C%20centered%2C%20sharp%20focus%2C%20high%20detail%2C%20no%20text%2C%20no%20watermark%2C%20no%20logo%2C%20no%20illustration%2C%20no%20cartoon%2C%20photorealistic%2C%20a%20real%20a%20pile%20of%20garbage%20rubbish%20bags?width=1024&height=1024&nologo=true&seed=5084&model=flux
plastic	https://image.pollinations.ai/prompt/professional%20realistic%20photograph%2C%20single%20real%20object%2C%20DSLR%2C%20soft%20studio%20light%2C%20plain%20neutral%20light%20grey%20background%2C%20centered%2C%20sharp%20focus%2C%20high%20detail%2C%20no%20text%2C%20no%20watermark%2C%20no%20logo%2C%20no%20illustration%2C%20no%20cartoon%2C%20photorealistic%2C%20a%20real%20plastic%20bottles%20and%20waste?width=1024&height=1024&nologo=true&seed=5085&model=flux
planet	https://image.pollinations.ai/prompt/professional%20realistic%20photograph%2C%20single%20real%20object%2C%20DSLR%2C%20soft%20studio%20light%2C%20plain%20neutral%20light%20grey%20background%2C%20centered%2C%20sharp%20focus%2C%20high%20detail%2C%20no%20text%2C%20no%20watermark%2C%20no%20logo%2C%20no%20illustration%2C%20no%20cartoon%2C%20photorealistic%2C%20a%20real%20planet%20Earth%20in%20space?width=1024&height=1024&nologo=true&seed=5086&model=flux
wedding	https://image.pollinations.ai/prompt/professional%20realistic%20photograph%2C%20single%20real%20object%2C%20DSLR%2C%20soft%20studio%20light%2C%20plain%20neutral%20light%20grey%20background%2C%20centered%2C%20sharp%20focus%2C%20high%20detail%2C%20no%20text%2C%20no%20watermark%2C%20no%20logo%2C%20no%20illustration%2C%20no%20cartoon%2C%20photorealistic%2C%20a%20real%20a%20wedding%20ceremony%20with%20bride%20and%20groom?width=1024&height=1024&nologo=true&seed=5087&model=flux
birth	https://image.pollinations.ai/prompt/professional%20realistic%20photograph%2C%20single%20real%20object%2C%20DSLR%2C%20soft%20studio%20light%2C%20plain%20neutral%20light%20grey%20background%2C%20centered%2C%20sharp%20focus%2C%20high%20detail%2C%20no%20text%2C%20no%20watermark%2C%20no%20logo%2C%20no%20illustration%2C%20no%20cartoon%2C%20photorealistic%2C%20a%20real%20a%20newborn%20baby%20in%20a%20blanket?width=1024&height=1024&nologo=true&seed=5088&model=flux
graduation	https://image.pollinations.ai/prompt/professional%20realistic%20photograph%2C%20single%20real%20object%2C%20DSLR%2C%20soft%20studio%20light%2C%20plain%20neutral%20light%20grey%20background%2C%20centered%2C%20sharp%20focus%2C%20high%20detail%2C%20no%20text%2C%20no%20watermark%2C%20no%20logo%2C%20no%20illustration%2C%20no%20cartoon%2C%20photorealistic%2C%20a%20real%20a%20graduate%20in%20cap%20and%20gown?width=1024&height=1024&nologo=true&seed=5089&model=flux
ceremony	https://image.pollinations.ai/prompt/professional%20realistic%20photograph%2C%20single%20real%20object%2C%20DSLR%2C%20soft%20studio%20light%2C%20plain%20neutral%20light%20grey%20background%2C%20centered%2C%20sharp%20focus%2C%20high%20detail%2C%20no%20text%2C%20no%20watermark%2C%20no%20logo%2C%20no%20illustration%2C%20no%20cartoon%2C%20photorealistic%2C%20a%20real%20a%20formal%20ceremony%20with%20an%20audience?width=1024&height=1024&nologo=true&seed=5090&model=flux
cheque	https://image.pollinations.ai/prompt/professional%20realistic%20photograph%2C%20single%20real%20object%2C%20DSLR%2C%20soft%20studio%20light%2C%20plain%20neutral%20light%20grey%20background%2C%20centered%2C%20sharp%20focus%2C%20high%20detail%2C%20no%20text%2C%20no%20watermark%2C%20no%20logo%2C%20no%20illustration%2C%20no%20cartoon%2C%20photorealistic%2C%20a%20real%20a%20blank%20bank%20cheque?width=1024&height=1024&nologo=true&seed=5091&model=flux
banknote	https://image.pollinations.ai/prompt/professional%20realistic%20photograph%2C%20single%20real%20object%2C%20DSLR%2C%20soft%20studio%20light%2C%20plain%20neutral%20light%20grey%20background%2C%20centered%2C%20sharp%20focus%2C%20high%20detail%2C%20no%20text%2C%20no%20watermark%2C%20no%20logo%2C%20no%20illustration%2C%20no%20cartoon%2C%20photorealistic%2C%20a%20real%20a%20stack%20of%20paper%20banknotes?width=1024&height=1024&nologo=true&seed=5092&model=flux
purse	https://image.pollinations.ai/prompt/professional%20realistic%20photograph%2C%20single%20real%20object%2C%20DSLR%2C%20soft%20studio%20light%2C%20plain%20neutral%20light%20grey%20background%2C%20centered%2C%20sharp%20focus%2C%20high%20detail%2C%20no%20text%2C%20no%20watermark%2C%20no%20logo%2C%20no%20illustration%2C%20no%20cartoon%2C%20photorealistic%2C%20a%20real%20a%20small%20coin%20purse?width=1024&height=1024&nologo=true&seed=5093&model=flux
queue	https://image.pollinations.ai/prompt/professional%20realistic%20photograph%2C%20single%20real%20object%2C%20DSLR%2C%20soft%20studio%20light%2C%20plain%20neutral%20light%20grey%20background%2C%20centered%2C%20sharp%20focus%2C%20high%20detail%2C%20no%20text%2C%20no%20watermark%2C%20no%20logo%2C%20no%20illustration%2C%20no%20cartoon%2C%20photorealistic%2C%20a%20real%20a%20line%20of%20people%20queuing?width=1024&height=1024&nologo=true&seed=5094&model=flux
trolley	https://image.pollinations.ai/prompt/professional%20realistic%20photograph%2C%20single%20real%20object%2C%20DSLR%2C%20soft%20studio%20light%2C%20plain%20neutral%20light%20grey%20background%2C%20centered%2C%20sharp%20focus%2C%20high%20detail%2C%20no%20text%2C%20no%20watermark%2C%20no%20logo%2C%20no%20illustration%2C%20no%20cartoon%2C%20photorealistic%2C%20a%20real%20a%20shopping%20trolley%20cart?width=1024&height=1024&nologo=true&seed=5095&model=flux
label	https://image.pollinations.ai/prompt/professional%20realistic%20photograph%2C%20single%20real%20object%2C%20DSLR%2C%20soft%20studio%20light%2C%20plain%20neutral%20light%20grey%20background%2C%20centered%2C%20sharp%20focus%2C%20high%20detail%2C%20no%20text%2C%20no%20watermark%2C%20no%20logo%2C%20no%20illustration%2C%20no%20cartoon%2C%20photorealistic%2C%20a%20real%20a%20blank%20price%20label%20tag?width=1024&height=1024&nologo=true&seed=5096&model=flux
counter	https://image.pollinations.ai/prompt/professional%20realistic%20photograph%2C%20single%20real%20object%2C%20DSLR%2C%20soft%20studio%20light%2C%20plain%20neutral%20light%20grey%20background%2C%20centered%2C%20sharp%20focus%2C%20high%20detail%2C%20no%20text%2C%20no%20watermark%2C%20no%20logo%2C%20no%20illustration%2C%20no%20cartoon%2C%20photorealistic%2C%20a%20real%20a%20shop%20checkout%20counter?width=1024&height=1024&nologo=true&seed=5097&model=flux
voucher	https://image.pollinations.ai/prompt/professional%20realistic%20photograph%2C%20single%20real%20object%2C%20DSLR%2C%20soft%20studio%20light%2C%20plain%20neutral%20light%20grey%20background%2C%20centered%2C%20sharp%20focus%2C%20high%20detail%2C%20no%20text%2C%20no%20watermark%2C%20no%20logo%2C%20no%20illustration%2C%20no%20cartoon%2C%20photorealistic%2C%20a%20real%20a%20discount%20voucher%20coupon?width=1024&height=1024&nologo=true&seed=5098&model=flux
couple	https://image.pollinations.ai/prompt/professional%20realistic%20portrait%20photograph%2C%20DSLR%2C%20soft%20natural%20light%2C%20plain%20neutral%20background%2C%20sharp%20focus%2C%20photorealistic%2C%20no%20text%2C%20no%20watermark%2C%20a%20happy%20young%20couple%20standing%20together?width=1024&height=1024&nologo=true&seed=5099&model=flux
twin	https://image.pollinations.ai/prompt/professional%20realistic%20portrait%20photograph%2C%20DSLR%2C%20soft%20natural%20light%2C%20plain%20neutral%20background%2C%20sharp%20focus%2C%20photorealistic%2C%20no%20text%2C%20no%20watermark%2C%20two%20identical%20twin%20children%20standing%20side%20by%20side?width=1024&height=1024&nologo=true&seed=5100&model=flux
champion	https://image.pollinations.ai/prompt/professional%20realistic%20portrait%20photograph%2C%20DSLR%2C%20soft%20natural%20light%2C%20plain%20neutral%20background%2C%20sharp%20focus%2C%20photorealistic%2C%20no%20text%2C%20no%20watermark%2C%20a%20sports%20champion%20holding%20a%20gold%20trophy%2C%20celebrating?width=1024&height=1024&nologo=true&seed=5101&model=flux
tourist	https://image.pollinations.ai/prompt/professional%20realistic%20portrait%20photograph%2C%20DSLR%2C%20soft%20natural%20light%2C%20plain%20neutral%20background%2C%20sharp%20focus%2C%20photorealistic%2C%20no%20text%2C%20no%20watermark%2C%20a%20happy%20tourist%20with%20a%20camera%20and%20backpack%20sightseeing?width=1024&height=1024&nologo=true&seed=5102&model=flux
guide	https://image.pollinations.ai/prompt/professional%20realistic%20portrait%20photograph%2C%20DSLR%2C%20soft%20natural%20light%2C%20plain%20neutral%20background%2C%20sharp%20focus%2C%20photorealistic%2C%20no%20text%2C%20no%20watermark%2C%20a%20tour%20guide%20holding%20a%20small%20flag%20leading%20tourists?width=1024&height=1024&nologo=true&seed=5103&model=flux
lawyer	https://image.pollinations.ai/prompt/professional%20realistic%20portrait%20photograph%2C%20DSLR%2C%20soft%20natural%20light%2C%20plain%20neutral%20background%2C%20sharp%20focus%2C%20photorealistic%2C%20no%20text%2C%20no%20watermark%2C%20a%20lawyer%20in%20a%20formal%20suit%20holding%20legal%20documents?width=1024&height=1024&nologo=true&seed=5104&model=flux
accountant	https://image.pollinations.ai/prompt/professional%20realistic%20portrait%20photograph%2C%20DSLR%2C%20soft%20natural%20light%2C%20plain%20neutral%20background%2C%20sharp%20focus%2C%20photorealistic%2C%20no%20text%2C%20no%20watermark%2C%20an%20accountant%20working%20with%20a%20calculator%20and%20financial%20papers?width=1024&height=1024&nologo=true&seed=5105&model=flux
journalist	https://image.pollinations.ai/prompt/professional%20realistic%20portrait%20photograph%2C%20DSLR%2C%20soft%20natural%20light%2C%20plain%20neutral%20background%2C%20sharp%20focus%2C%20photorealistic%2C%20no%20text%2C%20no%20watermark%2C%20a%20journalist%20holding%20a%20microphone%20and%20notepad?width=1024&height=1024&nologo=true&seed=5106&model=flux
architect	https://image.pollinations.ai/prompt/professional%20realistic%20portrait%20photograph%2C%20DSLR%2C%20soft%20natural%20light%2C%20plain%20neutral%20background%2C%20sharp%20focus%2C%20photorealistic%2C%20no%20text%2C%20no%20watermark%2C%20an%20architect%20looking%20at%20building%20blueprints%20at%20a%20desk?width=1024&height=1024&nologo=true&seed=5107&model=flux
electrician	https://image.pollinations.ai/prompt/professional%20realistic%20portrait%20photograph%2C%20DSLR%2C%20soft%20natural%20light%2C%20plain%20neutral%20background%2C%20sharp%20focus%2C%20photorealistic%2C%20no%20text%2C%20no%20watermark%2C%20an%20electrician%20in%20a%20hard%20hat%20working%20on%20electrical%20wires?width=1024&height=1024&nologo=true&seed=5108&model=flux
plumber	https://image.pollinations.ai/prompt/professional%20realistic%20portrait%20photograph%2C%20DSLR%2C%20soft%20natural%20light%2C%20plain%20neutral%20background%2C%20sharp%20focus%2C%20photorealistic%2C%20no%20text%2C%20no%20watermark%2C%20a%20plumber%20fixing%20pipes%20with%20a%20wrench%20under%20a%20sink?width=1024&height=1024&nologo=true&seed=5109&model=flux
waiter	https://image.pollinations.ai/prompt/professional%20realistic%20portrait%20photograph%2C%20DSLR%2C%20soft%20natural%20light%2C%20plain%20neutral%20background%2C%20sharp%20focus%2C%20photorealistic%2C%20no%20text%2C%20no%20watermark%2C%20a%20waiter%20in%20uniform%20carrying%20a%20tray%20of%20food%20in%20a%20restaurant?width=1024&height=1024&nologo=true&seed=5110&model=flux
chef	https://image.pollinations.ai/prompt/professional%20realistic%20portrait%20photograph%2C%20DSLR%2C%20soft%20natural%20light%2C%20plain%20neutral%20background%2C%20sharp%20focus%2C%20photorealistic%2C%20no%20text%2C%20no%20watermark%2C%20a%20chef%20in%20a%20white%20uniform%20and%20hat%20cooking%20in%20a%20kitchen?width=1024&height=1024&nologo=true&seed=5111&model=flux
surgeon	https://image.pollinations.ai/prompt/professional%20realistic%20portrait%20photograph%2C%20DSLR%2C%20soft%20natural%20light%2C%20plain%20neutral%20background%2C%20sharp%20focus%2C%20photorealistic%2C%20no%20text%2C%20no%20watermark%2C%20a%20surgeon%20in%20scrubs%20and%20mask%20in%20an%20operating%20room?width=1024&height=1024&nologo=true&seed=5112&model=flux
referee	https://image.pollinations.ai/prompt/professional%20realistic%20portrait%20photograph%2C%20DSLR%2C%20soft%20natural%20light%2C%20plain%20neutral%20background%2C%20sharp%20focus%2C%20photorealistic%2C%20no%20text%2C%20no%20watermark%2C%20a%20football%20referee%20in%20black%20uniform%20holding%20a%20whistle%20and%20card?width=1024&height=1024&nologo=true&seed=5113&model=flux
coach	https://image.pollinations.ai/prompt/professional%20realistic%20portrait%20photograph%2C%20DSLR%2C%20soft%20natural%20light%2C%20plain%20neutral%20background%2C%20sharp%20focus%2C%20photorealistic%2C%20no%20text%2C%20no%20watermark%2C%20a%20sports%20coach%20with%20a%20whistle%20instructing%20on%20a%20field?width=1024&height=1024&nologo=true&seed=5114&model=flux
town_hall	https://image.pollinations.ai/prompt/professional%20realistic%20photograph%2C%20DSLR%2C%20natural%20daylight%2C%20sharp%20focus%2C%20photorealistic%2C%20no%20readable%20text%2C%20all%20signs%20blank%2C%20no%20watermark%2C%20no%20logo%2C%20no%20cartoon%2C%20a%20grand%20historic%20town%20hall%20building%20exterior?width=1024&height=1024&nologo=true&seed=5115&model=flux
salon	https://image.pollinations.ai/prompt/professional%20realistic%20photograph%2C%20DSLR%2C%20natural%20daylight%2C%20sharp%20focus%2C%20photorealistic%2C%20no%20readable%20text%2C%20all%20signs%20blank%2C%20no%20watermark%2C%20no%20logo%2C%20no%20cartoon%2C%20interior%20of%20a%20modern%20hair%20salon%20with%20styling%20chairs%20and%20mirrors?width=1024&height=1024&nologo=true&seed=5116&model=flux
grocer	https://image.pollinations.ai/prompt/professional%20realistic%20photograph%2C%20DSLR%2C%20natural%20daylight%2C%20sharp%20focus%2C%20photorealistic%2C%20no%20readable%20text%2C%20all%20signs%20blank%2C%20no%20watermark%2C%20no%20logo%2C%20no%20cartoon%2C%20a%20small%20greengrocer%20shop%20front%20with%20fruit%20and%20vegetable%20crates?width=1024&height=1024&nologo=true&seed=5117&model=flux
bookshop	https://image.pollinations.ai/prompt/professional%20realistic%20photograph%2C%20DSLR%2C%20natural%20daylight%2C%20sharp%20focus%2C%20photorealistic%2C%20no%20readable%20text%2C%20all%20signs%20blank%2C%20no%20watermark%2C%20no%20logo%2C%20no%20cartoon%2C%20interior%20of%20a%20cozy%20bookshop%20with%20shelves%20full%20of%20books?width=1024&height=1024&nologo=true&seed=5118&model=flux
car_park	https://image.pollinations.ai/prompt/professional%20realistic%20photograph%2C%20DSLR%2C%20natural%20daylight%2C%20sharp%20focus%2C%20photorealistic%2C%20no%20readable%20text%2C%20all%20signs%20blank%2C%20no%20watermark%2C%20no%20logo%2C%20no%20cartoon%2C%20a%20multi-storey%20car%20park%20full%20of%20parked%20cars?width=1024&height=1024&nologo=true&seed=5119&model=flux
square	https://image.pollinations.ai/prompt/professional%20realistic%20photograph%2C%20DSLR%2C%20natural%20daylight%2C%20sharp%20focus%2C%20photorealistic%2C%20no%20readable%20text%2C%20all%20signs%20blank%2C%20no%20watermark%2C%20no%20logo%2C%20no%20cartoon%2C%20a%20wide%20open%20city%20square%20with%20paving%20and%20buildings%20around?width=1024&height=1024&nologo=true&seed=5120&model=flux
gallery	https://image.pollinations.ai/prompt/professional%20realistic%20photograph%2C%20DSLR%2C%20natural%20daylight%2C%20sharp%20focus%2C%20photorealistic%2C%20no%20readable%20text%2C%20all%20signs%20blank%2C%20no%20watermark%2C%20no%20logo%2C%20no%20cartoon%2C%20interior%20of%20an%20art%20gallery%20with%20framed%20paintings%20on%20white%20walls?width=1024&height=1024&nologo=true&seed=5121&model=flux
kiosk	https://image.pollinations.ai/prompt/professional%20realistic%20photograph%2C%20DSLR%2C%20natural%20daylight%2C%20sharp%20focus%2C%20photorealistic%2C%20no%20readable%20text%2C%20all%20signs%20blank%2C%20no%20watermark%2C%20no%20logo%2C%20no%20cartoon%2C%20a%20small%20street%20newspaper%20and%20snacks%20kiosk%20stand?width=1024&height=1024&nologo=true&seed=5122&model=flux
chemist	https://image.pollinations.ai/prompt/professional%20realistic%20photograph%2C%20DSLR%2C%20natural%20daylight%2C%20sharp%20focus%2C%20photorealistic%2C%20no%20readable%20text%2C%20all%20signs%20blank%2C%20no%20watermark%2C%20no%20logo%2C%20no%20cartoon%2C%20a%20pharmacy%20chemist%20shop%20interior%20with%20shelves%20of%20medicine?width=1024&height=1024&nologo=true&seed=5123&model=flux
petrol_station	https://image.pollinations.ai/prompt/professional%20realistic%20photograph%2C%20DSLR%2C%20natural%20daylight%2C%20sharp%20focus%2C%20photorealistic%2C%20no%20readable%20text%2C%20all%20signs%20blank%2C%20no%20watermark%2C%20no%20logo%2C%20no%20cartoon%2C%20a%20petrol%20gas%20station%20with%20fuel%20pumps?width=1024&height=1024&nologo=true&seed=5124&model=flux
tower	https://image.pollinations.ai/prompt/professional%20realistic%20photograph%2C%20DSLR%2C%20natural%20daylight%2C%20sharp%20focus%2C%20photorealistic%2C%20no%20readable%20text%2C%20all%20signs%20blank%2C%20no%20watermark%2C%20no%20logo%2C%20no%20cartoon%2C%20a%20tall%20stone%20tower%20structure%20against%20the%20sky?width=1024&height=1024&nologo=true&seed=5125&model=flux
palace	https://image.pollinations.ai/prompt/professional%20realistic%20photograph%2C%20DSLR%2C%20natural%20daylight%2C%20sharp%20focus%2C%20photorealistic%2C%20no%20readable%20text%2C%20all%20signs%20blank%2C%20no%20watermark%2C%20no%20logo%2C%20no%20cartoon%2C%20a%20grand%20ornate%20royal%20palace%20building%20exterior?width=1024&height=1024&nologo=true&seed=5126&model=flux
skyscraper	https://image.pollinations.ai/prompt/professional%20realistic%20photograph%2C%20DSLR%2C%20natural%20daylight%2C%20sharp%20focus%2C%20photorealistic%2C%20no%20readable%20text%2C%20all%20signs%20blank%2C%20no%20watermark%2C%20no%20logo%2C%20no%20cartoon%2C%20a%20tall%20modern%20glass%20skyscraper%20against%20blue%20sky?width=1024&height=1024&nologo=true&seed=5127&model=flux
monument	https://image.pollinations.ai/prompt/professional%20realistic%20photograph%2C%20DSLR%2C%20natural%20daylight%2C%20sharp%20focus%2C%20photorealistic%2C%20no%20readable%20text%2C%20all%20signs%20blank%2C%20no%20watermark%2C%20no%20logo%2C%20no%20cartoon%2C%20a%20large%20stone%20historic%20monument%20in%20a%20plaza?width=1024&height=1024&nologo=true&seed=5128&model=flux
fountain	https://image.pollinations.ai/prompt/professional%20realistic%20photograph%2C%20single%20real%20object%2C%20DSLR%2C%20soft%20studio%20light%2C%20plain%20neutral%20light%20grey%20background%2C%20centered%2C%20sharp%20focus%2C%20high%20detail%2C%20no%20text%2C%20no%20watermark%2C%20no%20logo%2C%20no%20illustration%2C%20no%20cartoon%2C%20photorealistic%2C%20an%20ornate%20water%20fountain%20in%20a%20city%20square?width=1024&height=1024&nologo=true&seed=5129&model=flux
statue	https://image.pollinations.ai/prompt/professional%20realistic%20photograph%2C%20single%20real%20object%2C%20DSLR%2C%20soft%20studio%20light%2C%20plain%20neutral%20light%20grey%20background%2C%20centered%2C%20sharp%20focus%2C%20high%20detail%2C%20no%20text%2C%20no%20watermark%2C%20no%20logo%2C%20no%20illustration%2C%20no%20cartoon%2C%20photorealistic%2C%20a%20bronze%20statue%20of%20a%20person%20on%20a%20stone%20pedestal?width=1024&height=1024&nologo=true&seed=5130&model=flux
factory	https://image.pollinations.ai/prompt/professional%20realistic%20photograph%2C%20DSLR%2C%20natural%20daylight%2C%20sharp%20focus%2C%20photorealistic%2C%20no%20readable%20text%2C%20all%20signs%20blank%2C%20no%20watermark%2C%20no%20logo%2C%20no%20cartoon%2C%20an%20industrial%20factory%20building%20with%20chimneys%2C%20exterior?width=1024&height=1024&nologo=true&seed=5131&model=flux
castle	https://image.pollinations.ai/prompt/professional%20realistic%20photograph%2C%20DSLR%2C%20natural%20daylight%2C%20sharp%20focus%2C%20photorealistic%2C%20no%20readable%20text%2C%20all%20signs%20blank%2C%20no%20watermark%2C%20no%20logo%2C%20no%20cartoon%2C%20a%20medieval%20stone%20castle%20with%20towers%20on%20a%20hill?width=1024&height=1024&nologo=true&seed=5132&model=flux
harbour	https://image.pollinations.ai/prompt/professional%20realistic%20photograph%2C%20DSLR%2C%20natural%20daylight%2C%20sharp%20focus%2C%20photorealistic%2C%20no%20readable%20text%2C%20all%20signs%20blank%2C%20no%20watermark%2C%20no%20logo%2C%20no%20cartoon%2C%20a%20harbour%20with%20boats%20moored%20and%20calm%20water?width=1024&height=1024&nologo=true&seed=5133&model=flux
crossing	https://image.pollinations.ai/prompt/professional%20realistic%20photograph%2C%20DSLR%2C%20natural%20daylight%2C%20sharp%20focus%2C%20photorealistic%2C%20no%20readable%20text%2C%20all%20signs%20blank%2C%20no%20watermark%2C%20no%20logo%2C%20no%20cartoon%2C%20a%20pedestrian%20zebra%20crossing%20on%20a%20city%20street?width=1024&height=1024&nologo=true&seed=5134&model=flux
roundabout	https://image.pollinations.ai/prompt/professional%20realistic%20photograph%2C%20DSLR%2C%20natural%20daylight%2C%20sharp%20focus%2C%20photorealistic%2C%20no%20readable%20text%2C%20all%20signs%20blank%2C%20no%20watermark%2C%20no%20logo%2C%20no%20cartoon%2C%20an%20aerial%20view%20of%20a%20road%20roundabout%20with%20cars?width=1024&height=1024&nologo=true&seed=5135&model=flux
pavement	https://image.pollinations.ai/prompt/professional%20realistic%20photograph%2C%20DSLR%2C%20natural%20daylight%2C%20sharp%20focus%2C%20photorealistic%2C%20no%20readable%20text%2C%20all%20signs%20blank%2C%20no%20watermark%2C%20no%20logo%2C%20no%20cartoon%2C%20a%20clean%20city%20sidewalk%20pavement%20along%20a%20street?width=1024&height=1024&nologo=true&seed=5136&model=flux
junction	https://image.pollinations.ai/prompt/professional%20realistic%20photograph%2C%20DSLR%2C%20natural%20daylight%2C%20sharp%20focus%2C%20photorealistic%2C%20no%20readable%20text%2C%20all%20signs%20blank%2C%20no%20watermark%2C%20no%20logo%2C%20no%20cartoon%2C%20a%20road%20junction%20where%20several%20streets%20meet%2C%20aerial?width=1024&height=1024&nologo=true&seed=5137&model=flux
valley	https://image.pollinations.ai/prompt/professional%20realistic%20photograph%2C%20DSLR%2C%20natural%20daylight%2C%20sharp%20focus%2C%20photorealistic%2C%20no%20readable%20text%2C%20all%20signs%20blank%2C%20no%20watermark%2C%20no%20logo%2C%20no%20cartoon%2C%20a%20green%20valley%20between%20two%20mountains?width=1024&height=1024&nologo=true&seed=5138&model=flux
desert	https://image.pollinations.ai/prompt/professional%20realistic%20photograph%2C%20DSLR%2C%20natural%20daylight%2C%20sharp%20focus%2C%20photorealistic%2C%20no%20readable%20text%2C%20all%20signs%20blank%2C%20no%20watermark%2C%20no%20logo%2C%20no%20cartoon%2C%20a%20vast%20sandy%20desert%20with%20dunes%20under%20blue%20sky?width=1024&height=1024&nologo=true&seed=5139&model=flux
waterfall	https://image.pollinations.ai/prompt/professional%20realistic%20photograph%2C%20DSLR%2C%20natural%20daylight%2C%20sharp%20focus%2C%20photorealistic%2C%20no%20readable%20text%2C%20all%20signs%20blank%2C%20no%20watermark%2C%20no%20logo%2C%20no%20cartoon%2C%20a%20tall%20waterfall%20cascading%20over%20rocks%20into%20a%20pool?width=1024&height=1024&nologo=true&seed=5140&model=flux
cave	https://image.pollinations.ai/prompt/professional%20realistic%20photograph%2C%20DSLR%2C%20natural%20daylight%2C%20sharp%20focus%2C%20photorealistic%2C%20no%20readable%20text%2C%20all%20signs%20blank%2C%20no%20watermark%2C%20no%20logo%2C%20no%20cartoon%2C%20the%20entrance%20of%20a%20rocky%20cave?width=1024&height=1024&nologo=true&seed=5141&model=flux
cliff	https://image.pollinations.ai/prompt/professional%20realistic%20photograph%2C%20DSLR%2C%20natural%20daylight%2C%20sharp%20focus%2C%20photorealistic%2C%20no%20readable%20text%2C%20all%20signs%20blank%2C%20no%20watermark%2C%20no%20logo%2C%20no%20cartoon%2C%20a%20steep%20rocky%20sea%20cliff%20by%20the%20ocean?width=1024&height=1024&nologo=true&seed=5142&model=flux
field	https://image.pollinations.ai/prompt/professional%20realistic%20photograph%2C%20DSLR%2C%20natural%20daylight%2C%20sharp%20focus%2C%20photorealistic%2C%20no%20readable%20text%2C%20all%20signs%20blank%2C%20no%20watermark%2C%20no%20logo%2C%20no%20cartoon%2C%20a%20wide%20green%20open%20grassy%20field%20under%20blue%20sky?width=1024&height=1024&nologo=true&seed=5143&model=flux
stream	https://image.pollinations.ai/prompt/professional%20realistic%20photograph%2C%20DSLR%2C%20natural%20daylight%2C%20sharp%20focus%2C%20photorealistic%2C%20no%20readable%20text%2C%20all%20signs%20blank%2C%20no%20watermark%2C%20no%20logo%2C%20no%20cartoon%2C%20a%20small%20clear%20stream%20flowing%20over%20rocks%20in%20a%20forest?width=1024&height=1024&nologo=true&seed=5144&model=flux
nest	https://image.pollinations.ai/prompt/professional%20realistic%20photograph%2C%20single%20real%20object%2C%20DSLR%2C%20soft%20studio%20light%2C%20plain%20neutral%20light%20grey%20background%2C%20centered%2C%20sharp%20focus%2C%20high%20detail%2C%20no%20text%2C%20no%20watermark%2C%20no%20logo%2C%20no%20illustration%2C%20no%20cartoon%2C%20photorealistic%2C%20a%20bird%20nest%20with%20eggs%20on%20a%20tree%20branch?width=1024&height=1024&nologo=true&seed=5145&model=flux
flour	https://image.pollinations.ai/prompt/professional%20realistic%20photograph%2C%20single%20real%20object%2C%20DSLR%2C%20soft%20studio%20light%2C%20plain%20neutral%20light%20grey%20background%2C%20centered%2C%20sharp%20focus%2C%20high%20detail%2C%20no%20text%2C%20no%20watermark%2C%20no%20logo%2C%20no%20illustration%2C%20no%20cartoon%2C%20photorealistic%2C%20a%20pile%20of%20white%20flour%20with%20a%20wooden%20scoop?width=1024&height=1024&nologo=true&seed=5146&model=flux
oil	https://image.pollinations.ai/prompt/professional%20realistic%20photograph%2C%20single%20real%20object%2C%20DSLR%2C%20soft%20studio%20light%2C%20plain%20neutral%20light%20grey%20background%2C%20centered%2C%20sharp%20focus%2C%20high%20detail%2C%20no%20text%2C%20no%20watermark%2C%20no%20logo%2C%20no%20illustration%2C%20no%20cartoon%2C%20photorealistic%2C%20a%20glass%20bottle%20of%20cooking%20oil?width=1024&height=1024&nologo=true&seed=5147&model=flux
yeast	https://image.pollinations.ai/prompt/professional%20realistic%20photograph%2C%20single%20real%20object%2C%20DSLR%2C%20soft%20studio%20light%2C%20plain%20neutral%20light%20grey%20background%2C%20centered%2C%20sharp%20focus%2C%20high%20detail%2C%20no%20text%2C%20no%20watermark%2C%20no%20logo%2C%20no%20illustration%2C%20no%20cartoon%2C%20photorealistic%2C%20a%20small%20pile%20of%20dry%20baking%20yeast%20granules?width=1024&height=1024&nologo=true&seed=5148&model=flux
sauce	https://image.pollinations.ai/prompt/professional%20realistic%20photograph%2C%20single%20real%20object%2C%20DSLR%2C%20soft%20studio%20light%2C%20plain%20neutral%20light%20grey%20background%2C%20centered%2C%20sharp%20focus%2C%20high%20detail%2C%20no%20text%2C%20no%20watermark%2C%20no%20logo%2C%20no%20illustration%2C%20no%20cartoon%2C%20photorealistic%2C%20a%20bowl%20of%20red%20tomato%20sauce?width=1024&height=1024&nologo=true&seed=5149&model=flux
ginger	https://image.pollinations.ai/prompt/professional%20realistic%20photograph%2C%20single%20real%20object%2C%20DSLR%2C%20soft%20studio%20light%2C%20plain%20neutral%20light%20grey%20background%2C%20centered%2C%20sharp%20focus%2C%20high%20detail%2C%20no%20text%2C%20no%20watermark%2C%20no%20logo%2C%20no%20illustration%2C%20no%20cartoon%2C%20photorealistic%2C%20a%20fresh%20ginger%20root?width=1024&height=1024&nologo=true&seed=5150&model=flux
spice	https://image.pollinations.ai/prompt/professional%20realistic%20photograph%2C%20single%20real%20object%2C%20DSLR%2C%20soft%20studio%20light%2C%20plain%20neutral%20light%20grey%20background%2C%20centered%2C%20sharp%20focus%2C%20high%20detail%2C%20no%20text%2C%20no%20watermark%2C%20no%20logo%2C%20no%20illustration%2C%20no%20cartoon%2C%20photorealistic%2C%20several%20small%20piles%20of%20colorful%20ground%20spices?width=1024&height=1024&nologo=true&seed=5151&model=flux
honey	https://image.pollinations.ai/prompt/professional%20realistic%20photograph%2C%20single%20real%20object%2C%20DSLR%2C%20soft%20studio%20light%2C%20plain%20neutral%20light%20grey%20background%2C%20centered%2C%20sharp%20focus%2C%20high%20detail%2C%20no%20text%2C%20no%20watermark%2C%20no%20logo%2C%20no%20illustration%2C%20no%20cartoon%2C%20photorealistic%2C%20a%20jar%20of%20golden%20honey%20with%20a%20honey%20dipper?width=1024&height=1024&nologo=true&seed=5152&model=flux
dough	https://image.pollinations.ai/prompt/professional%20realistic%20photograph%2C%20single%20real%20object%2C%20DSLR%2C%20soft%20studio%20light%2C%20plain%20neutral%20light%20grey%20background%2C%20centered%2C%20sharp%20focus%2C%20high%20detail%2C%20no%20text%2C%20no%20watermark%2C%20no%20logo%2C%20no%20illustration%2C%20no%20cartoon%2C%20photorealistic%2C%20a%20ball%20of%20raw%20bread%20dough%20on%20a%20floured%20surface?width=1024&height=1024&nologo=true&seed=5153&model=flux
herb	https://image.pollinations.ai/prompt/professional%20realistic%20photograph%2C%20single%20real%20object%2C%20DSLR%2C%20soft%20studio%20light%2C%20plain%20neutral%20light%20grey%20background%2C%20centered%2C%20sharp%20focus%2C%20high%20detail%2C%20no%20text%2C%20no%20watermark%2C%20no%20logo%2C%20no%20illustration%2C%20no%20cartoon%2C%20photorealistic%2C%20a%20bunch%20of%20fresh%20green%20herbs?width=1024&height=1024&nologo=true&seed=5154&model=flux
vinegar	https://image.pollinations.ai/prompt/professional%20realistic%20photograph%2C%20single%20real%20object%2C%20DSLR%2C%20soft%20studio%20light%2C%20plain%20neutral%20light%20grey%20background%2C%20centered%2C%20sharp%20focus%2C%20high%20detail%2C%20no%20text%2C%20no%20watermark%2C%20no%20logo%2C%20no%20illustration%2C%20no%20cartoon%2C%20photorealistic%2C%20a%20glass%20bottle%20of%20vinegar?width=1024&height=1024&nologo=true&seed=5155&model=flux
starter	https://image.pollinations.ai/prompt/professional%20realistic%20photograph%2C%20single%20real%20object%2C%20DSLR%2C%20soft%20studio%20light%2C%20plain%20neutral%20light%20grey%20background%2C%20centered%2C%20sharp%20focus%2C%20high%20detail%2C%20no%20text%2C%20no%20watermark%2C%20no%20logo%2C%20no%20illustration%2C%20no%20cartoon%2C%20photorealistic%2C%20a%20small%20appetizer%20starter%20dish%20on%20a%20plate?width=1024&height=1024&nologo=true&seed=5156&model=flux
dessert	https://image.pollinations.ai/prompt/professional%20realistic%20photograph%2C%20single%20real%20object%2C%20DSLR%2C%20soft%20studio%20light%2C%20plain%20neutral%20light%20grey%20background%2C%20centered%2C%20sharp%20focus%2C%20high%20detail%2C%20no%20text%2C%20no%20watermark%2C%20no%20logo%2C%20no%20illustration%2C%20no%20cartoon%2C%20photorealistic%2C%20a%20sweet%20dessert%20cake%20slice%20on%20a%20plate?width=1024&height=1024&nologo=true&seed=5157&model=flux
dish	https://image.pollinations.ai/prompt/professional%20realistic%20photograph%2C%20single%20real%20object%2C%20DSLR%2C%20soft%20studio%20light%2C%20plain%20neutral%20light%20grey%20background%2C%20centered%2C%20sharp%20focus%2C%20high%20detail%2C%20no%20text%2C%20no%20watermark%2C%20no%20logo%2C%20no%20illustration%2C%20no%20cartoon%2C%20photorealistic%2C%20a%20full%20plate%20of%20cooked%20food%2C%20a%20main%20dish?width=1024&height=1024&nologo=true&seed=5158&model=flux
branch	https://image.pollinations.ai/prompt/professional%20realistic%20photograph%2C%20single%20real%20object%2C%20DSLR%2C%20soft%20studio%20light%2C%20plain%20neutral%20light%20grey%20background%2C%20centered%2C%20sharp%20focus%2C%20high%20detail%2C%20no%20text%2C%20no%20watermark%2C%20no%20logo%2C%20no%20illustration%2C%20no%20cartoon%2C%20photorealistic%2C%20a%20tree%20branch%20with%20green%20leaves?width=1024&height=1024&nologo=true&seed=5159&model=flux
root	https://image.pollinations.ai/prompt/professional%20realistic%20photograph%2C%20single%20real%20object%2C%20DSLR%2C%20soft%20studio%20light%2C%20plain%20neutral%20light%20grey%20background%2C%20centered%2C%20sharp%20focus%2C%20high%20detail%2C%20no%20text%2C%20no%20watermark%2C%20no%20logo%2C%20no%20illustration%2C%20no%20cartoon%2C%20photorealistic%2C%20plant%20roots%20with%20soil?width=1024&height=1024&nologo=true&seed=5160&model=flux
seed	https://image.pollinations.ai/prompt/professional%20realistic%20photograph%2C%20single%20real%20object%2C%20DSLR%2C%20soft%20studio%20light%2C%20plain%20neutral%20light%20grey%20background%2C%20centered%2C%20sharp%20focus%2C%20high%20detail%2C%20no%20text%2C%20no%20watermark%2C%20no%20logo%2C%20no%20illustration%2C%20no%20cartoon%2C%20photorealistic%2C%20a%20small%20pile%20of%20plant%20seeds?width=1024&height=1024&nologo=true&seed=5161&model=flux
insect	https://image.pollinations.ai/prompt/professional%20realistic%20photograph%2C%20single%20real%20object%2C%20DSLR%2C%20soft%20studio%20light%2C%20plain%20neutral%20light%20grey%20background%2C%20centered%2C%20sharp%20focus%2C%20high%20detail%2C%20no%20text%2C%20no%20watermark%2C%20no%20logo%2C%20no%20illustration%2C%20no%20cartoon%2C%20photorealistic%2C%20a%20close%20up%20macro%20of%20a%20colorful%20insect%20on%20a%20leaf?width=1024&height=1024&nologo=true&seed=5162&model=flux
butterfly	https://image.pollinations.ai/prompt/professional%20realistic%20photograph%2C%20single%20real%20object%2C%20DSLR%2C%20soft%20studio%20light%2C%20plain%20neutral%20light%20grey%20background%2C%20centered%2C%20sharp%20focus%2C%20high%20detail%2C%20no%20text%2C%20no%20watermark%2C%20no%20logo%2C%20no%20illustration%2C%20no%20cartoon%2C%20photorealistic%2C%20a%20colorful%20butterfly%20on%20a%20flower?width=1024&height=1024&nologo=true&seed=5163&model=flux
bee	https://image.pollinations.ai/prompt/professional%20realistic%20photograph%2C%20single%20real%20object%2C%20DSLR%2C%20soft%20studio%20light%2C%20plain%20neutral%20light%20grey%20background%2C%20centered%2C%20sharp%20focus%2C%20high%20detail%2C%20no%20text%2C%20no%20watermark%2C%20no%20logo%2C%20no%20illustration%2C%20no%20cartoon%2C%20photorealistic%2C%20a%20honeybee%20on%20a%20yellow%20flower?width=1024&height=1024&nologo=true&seed=5164&model=flux
feather	https://image.pollinations.ai/prompt/professional%20realistic%20photograph%2C%20single%20real%20object%2C%20DSLR%2C%20soft%20studio%20light%2C%20plain%20neutral%20light%20grey%20background%2C%20centered%2C%20sharp%20focus%2C%20high%20detail%2C%20no%20text%2C%20no%20watermark%2C%20no%20logo%2C%20no%20illustration%2C%20no%20cartoon%2C%20photorealistic%2C%20a%20single%20bird%20feather?width=1024&height=1024&nologo=true&seed=5165&model=flux
beard	https://image.pollinations.ai/prompt/professional%20realistic%20portrait%20photograph%2C%20DSLR%2C%20soft%20natural%20light%2C%20plain%20neutral%20background%2C%20sharp%20focus%2C%20photorealistic%2C%20no%20text%2C%20no%20watermark%2C%20a%20close%20up%20of%20a%20man%20with%20a%20full%20beard?width=1024&height=1024&nologo=true&seed=5166&model=flux
moustache	https://image.pollinations.ai/prompt/professional%20realistic%20portrait%20photograph%2C%20DSLR%2C%20soft%20natural%20light%2C%20plain%20neutral%20background%2C%20sharp%20focus%2C%20photorealistic%2C%20no%20text%2C%20no%20watermark%2C%20a%20close%20up%20of%20a%20man%20with%20a%20moustache?width=1024&height=1024&nologo=true&seed=5167&model=flux
shoulder	https://image.pollinations.ai/prompt/professional%20realistic%20photograph%2C%20single%20real%20object%2C%20DSLR%2C%20soft%20studio%20light%2C%20plain%20neutral%20light%20grey%20background%2C%20centered%2C%20sharp%20focus%2C%20high%20detail%2C%20no%20text%2C%20no%20watermark%2C%20no%20logo%2C%20no%20illustration%2C%20no%20cartoon%2C%20photorealistic%2C%20a%20close%20up%20of%20a%20human%20shoulder?width=1024&height=1024&nologo=true&seed=5168&model=flux
knee	https://image.pollinations.ai/prompt/professional%20realistic%20photograph%2C%20single%20real%20object%2C%20DSLR%2C%20soft%20studio%20light%2C%20plain%20neutral%20light%20grey%20background%2C%20centered%2C%20sharp%20focus%2C%20high%20detail%2C%20no%20text%2C%20no%20watermark%2C%20no%20logo%2C%20no%20illustration%2C%20no%20cartoon%2C%20photorealistic%2C%20a%20close%20up%20of%20a%20human%20knee?width=1024&height=1024&nologo=true&seed=5169&model=flux
ankle	https://image.pollinations.ai/prompt/professional%20realistic%20photograph%2C%20single%20real%20object%2C%20DSLR%2C%20soft%20studio%20light%2C%20plain%20neutral%20light%20grey%20background%2C%20centered%2C%20sharp%20focus%2C%20high%20detail%2C%20no%20text%2C%20no%20watermark%2C%20no%20logo%2C%20no%20illustration%2C%20no%20cartoon%2C%20photorealistic%2C%20a%20close%20up%20of%20a%20human%20ankle%20and%20foot?width=1024&height=1024&nologo=true&seed=5170&model=flux
elbow	https://image.pollinations.ai/prompt/professional%20realistic%20photograph%2C%20single%20real%20object%2C%20DSLR%2C%20soft%20studio%20light%2C%20plain%20neutral%20light%20grey%20background%2C%20centered%2C%20sharp%20focus%2C%20high%20detail%2C%20no%20text%2C%20no%20watermark%2C%20no%20logo%2C%20no%20illustration%2C%20no%20cartoon%2C%20photorealistic%2C%20a%20close%20up%20of%20a%20human%20elbow%2C%20bent%20arm?width=1024&height=1024&nologo=true&seed=5171&model=flux
wrist	https://image.pollinations.ai/prompt/professional%20realistic%20photograph%2C%20single%20real%20object%2C%20DSLR%2C%20soft%20studio%20light%2C%20plain%20neutral%20light%20grey%20background%2C%20centered%2C%20sharp%20focus%2C%20high%20detail%2C%20no%20text%2C%20no%20watermark%2C%20no%20logo%2C%20no%20illustration%2C%20no%20cartoon%2C%20photorealistic%2C%20a%20close%20up%20of%20a%20human%20wrist%20and%20hand?width=1024&height=1024&nologo=true&seed=5172&model=flux
chest	https://image.pollinations.ai/prompt/professional%20realistic%20photograph%2C%20single%20real%20object%2C%20DSLR%2C%20soft%20studio%20light%2C%20plain%20neutral%20light%20grey%20background%2C%20centered%2C%20sharp%20focus%2C%20high%20detail%2C%20no%20text%2C%20no%20watermark%2C%20no%20logo%2C%20no%20illustration%2C%20no%20cartoon%2C%20photorealistic%2C%20a%20human%20upper%20chest%20torso?width=1024&height=1024&nologo=true&seed=5173&model=flux
throat	https://image.pollinations.ai/prompt/professional%20realistic%20photograph%2C%20single%20real%20object%2C%20DSLR%2C%20soft%20studio%20light%2C%20plain%20neutral%20light%20grey%20background%2C%20centered%2C%20sharp%20focus%2C%20high%20detail%2C%20no%20text%2C%20no%20watermark%2C%20no%20logo%2C%20no%20illustration%2C%20no%20cartoon%2C%20photorealistic%2C%20a%20close%20up%20of%20a%20persons%20neck%20and%20throat?width=1024&height=1024&nologo=true&seed=5174&model=flux
chin	https://image.pollinations.ai/prompt/professional%20realistic%20photograph%2C%20single%20real%20object%2C%20DSLR%2C%20soft%20studio%20light%2C%20plain%20neutral%20light%20grey%20background%2C%20centered%2C%20sharp%20focus%2C%20high%20detail%2C%20no%20text%2C%20no%20watermark%2C%20no%20logo%2C%20no%20illustration%2C%20no%20cartoon%2C%20photorealistic%2C%20a%20close%20up%20of%20a%20human%20chin%20and%20jaw?width=1024&height=1024&nologo=true&seed=5175&model=flux
forehead	https://image.pollinations.ai/prompt/professional%20realistic%20photograph%2C%20single%20real%20object%2C%20DSLR%2C%20soft%20studio%20light%2C%20plain%20neutral%20light%20grey%20background%2C%20centered%2C%20sharp%20focus%2C%20high%20detail%2C%20no%20text%2C%20no%20watermark%2C%20no%20logo%2C%20no%20illustration%2C%20no%20cartoon%2C%20photorealistic%2C%20a%20close%20up%20of%20a%20human%20forehead%20and%20eyebrows?width=1024&height=1024&nologo=true&seed=5176&model=flux
comb	https://image.pollinations.ai/prompt/professional%20realistic%20portrait%20photograph%2C%20DSLR%2C%20soft%20natural%20light%2C%20plain%20neutral%20background%2C%20sharp%20focus%2C%20photorealistic%2C%20no%20text%2C%20no%20watermark%2C%20a%20person%20combing%20their%20hair%20with%20a%20comb?width=1024&height=1024&nologo=true&seed=5177&model=flux
shave	https://image.pollinations.ai/prompt/professional%20realistic%20portrait%20photograph%2C%20DSLR%2C%20soft%20natural%20light%2C%20plain%20neutral%20background%2C%20sharp%20focus%2C%20photorealistic%2C%20no%20text%2C%20no%20watermark%2C%20a%20man%20shaving%20his%20face%20with%20a%20razor?width=1024&height=1024&nologo=true&seed=5178&model=flux
iron	https://image.pollinations.ai/prompt/professional%20realistic%20portrait%20photograph%2C%20DSLR%2C%20soft%20natural%20light%2C%20plain%20neutral%20background%2C%20sharp%20focus%2C%20photorealistic%2C%20no%20text%2C%20no%20watermark%2C%20a%20person%20ironing%20a%20shirt%20with%20a%20steam%20iron?width=1024&height=1024&nologo=true&seed=5179&model=flux
sweep	https://image.pollinations.ai/prompt/professional%20realistic%20portrait%20photograph%2C%20DSLR%2C%20soft%20natural%20light%2C%20plain%20neutral%20background%2C%20sharp%20focus%2C%20photorealistic%2C%20no%20text%2C%20no%20watermark%2C%20a%20person%20sweeping%20the%20floor%20with%20a%20broom?width=1024&height=1024&nologo=true&seed=5180&model=flux
dust	https://image.pollinations.ai/prompt/professional%20realistic%20portrait%20photograph%2C%20DSLR%2C%20soft%20natural%20light%2C%20plain%20neutral%20background%2C%20sharp%20focus%2C%20photorealistic%2C%20no%20text%2C%20no%20watermark%2C%20a%20person%20dusting%20furniture%20with%20a%20cloth?width=1024&height=1024&nologo=true&seed=5181&model=flux
vacuum	https://image.pollinations.ai/prompt/professional%20realistic%20portrait%20photograph%2C%20DSLR%2C%20soft%20natural%20light%2C%20plain%20neutral%20background%2C%20sharp%20focus%2C%20photorealistic%2C%20no%20text%2C%20no%20watermark%2C%20a%20person%20vacuuming%20the%20carpet%20with%20a%20vacuum%20cleaner?width=1024&height=1024&nologo=true&seed=5182&model=flux
mop	https://image.pollinations.ai/prompt/professional%20realistic%20portrait%20photograph%2C%20DSLR%2C%20soft%20natural%20light%2C%20plain%20neutral%20background%2C%20sharp%20focus%2C%20photorealistic%2C%20no%20text%2C%20no%20watermark%2C%20a%20person%20mopping%20the%20floor%20with%20a%20mop?width=1024&height=1024&nologo=true&seed=5183&model=flux
jog	https://image.pollinations.ai/prompt/professional%20realistic%20portrait%20photograph%2C%20DSLR%2C%20soft%20natural%20light%2C%20plain%20neutral%20background%2C%20sharp%20focus%2C%20photorealistic%2C%20no%20text%2C%20no%20watermark%2C%20a%20person%20jogging%20outdoors%20on%20a%20path?width=1024&height=1024&nologo=true&seed=5184&model=flux
stretch	https://image.pollinations.ai/prompt/professional%20realistic%20portrait%20photograph%2C%20DSLR%2C%20soft%20natural%20light%2C%20plain%20neutral%20background%2C%20sharp%20focus%2C%20photorealistic%2C%20no%20text%2C%20no%20watermark%2C%20a%20person%20stretching%20their%20arms%20exercising?width=1024&height=1024&nologo=true&seed=5185&model=flux
boil	https://image.pollinations.ai/prompt/professional%20realistic%20photograph%2C%20single%20real%20object%2C%20DSLR%2C%20soft%20studio%20light%2C%20plain%20neutral%20light%20grey%20background%2C%20centered%2C%20sharp%20focus%2C%20high%20detail%2C%20no%20text%2C%20no%20watermark%2C%20no%20logo%2C%20no%20illustration%2C%20no%20cartoon%2C%20photorealistic%2C%20water%20boiling%20in%20a%20pot%20on%20a%20stove?width=1024&height=1024&nologo=true&seed=5186&model=flux
fry	https://image.pollinations.ai/prompt/professional%20realistic%20photograph%2C%20single%20real%20object%2C%20DSLR%2C%20soft%20studio%20light%2C%20plain%20neutral%20light%20grey%20background%2C%20centered%2C%20sharp%20focus%2C%20high%20detail%2C%20no%20text%2C%20no%20watermark%2C%20no%20logo%2C%20no%20illustration%2C%20no%20cartoon%2C%20photorealistic%2C%20food%20frying%20in%20a%20frying%20pan%20on%20a%20stove?width=1024&height=1024&nologo=true&seed=5187&model=flux
bake	https://image.pollinations.ai/prompt/professional%20realistic%20photograph%2C%20single%20real%20object%2C%20DSLR%2C%20soft%20studio%20light%2C%20plain%20neutral%20light%20grey%20background%2C%20centered%2C%20sharp%20focus%2C%20high%20detail%2C%20no%20text%2C%20no%20watermark%2C%20no%20logo%2C%20no%20illustration%2C%20no%20cartoon%2C%20photorealistic%2C%20bread%20baking%20in%20an%20open%20oven?width=1024&height=1024&nologo=true&seed=5188&model=flux
roast	https://image.pollinations.ai/prompt/professional%20realistic%20photograph%2C%20single%20real%20object%2C%20DSLR%2C%20soft%20studio%20light%2C%20plain%20neutral%20light%20grey%20background%2C%20centered%2C%20sharp%20focus%2C%20high%20detail%2C%20no%20text%2C%20no%20watermark%2C%20no%20logo%2C%20no%20illustration%2C%20no%20cartoon%2C%20photorealistic%2C%20a%20roast%20chicken%20cooking%20in%20an%20oven?width=1024&height=1024&nologo=true&seed=5189&model=flux
chop	https://image.pollinations.ai/prompt/professional%20realistic%20photograph%2C%20single%20real%20object%2C%20DSLR%2C%20soft%20studio%20light%2C%20plain%20neutral%20light%20grey%20background%2C%20centered%2C%20sharp%20focus%2C%20high%20detail%2C%20no%20text%2C%20no%20watermark%2C%20no%20logo%2C%20no%20illustration%2C%20no%20cartoon%2C%20photorealistic%2C%20a%20person%20chopping%20vegetables%20on%20a%20cutting%20board%20with%20a%20knife?width=1024&height=1024&nologo=true&seed=5190&model=flux
peel	https://image.pollinations.ai/prompt/professional%20realistic%20photograph%2C%20single%20real%20object%2C%20DSLR%2C%20soft%20studio%20light%2C%20plain%20neutral%20light%20grey%20background%2C%20centered%2C%20sharp%20focus%2C%20high%20detail%2C%20no%20text%2C%20no%20watermark%2C%20no%20logo%2C%20no%20illustration%2C%20no%20cartoon%2C%20photorealistic%2C%20a%20person%20peeling%20a%20potato%20with%20a%20peeler?width=1024&height=1024&nologo=true&seed=5191&model=flux
slice	https://image.pollinations.ai/prompt/professional%20realistic%20photograph%2C%20single%20real%20object%2C%20DSLR%2C%20soft%20studio%20light%2C%20plain%20neutral%20light%20grey%20background%2C%20centered%2C%20sharp%20focus%2C%20high%20detail%2C%20no%20text%2C%20no%20watermark%2C%20no%20logo%2C%20no%20illustration%2C%20no%20cartoon%2C%20photorealistic%2C%20a%20person%20slicing%20bread%20with%20a%20knife%20on%20a%20board?width=1024&height=1024&nologo=true&seed=5192&model=flux
stir	https://image.pollinations.ai/prompt/professional%20realistic%20photograph%2C%20single%20real%20object%2C%20DSLR%2C%20soft%20studio%20light%2C%20plain%20neutral%20light%20grey%20background%2C%20centered%2C%20sharp%20focus%2C%20high%20detail%2C%20no%20text%2C%20no%20watermark%2C%20no%20logo%2C%20no%20illustration%2C%20no%20cartoon%2C%20photorealistic%2C%20a%20person%20stirring%20soup%20in%20a%20pot%20with%20a%20wooden%20spoon?width=1024&height=1024&nologo=true&seed=5193&model=flux
pour	https://image.pollinations.ai/prompt/professional%20realistic%20photograph%2C%20single%20real%20object%2C%20DSLR%2C%20soft%20studio%20light%2C%20plain%20neutral%20light%20grey%20background%2C%20centered%2C%20sharp%20focus%2C%20high%20detail%2C%20no%20text%2C%20no%20watermark%2C%20no%20logo%2C%20no%20illustration%2C%20no%20cartoon%2C%20photorealistic%2C%20pouring%20water%20from%20a%20jug%20into%20a%20glass?width=1024&height=1024&nologo=true&seed=5194&model=flux
sunbathe	https://image.pollinations.ai/prompt/professional%20realistic%20portrait%20photograph%2C%20DSLR%2C%20soft%20natural%20light%2C%20plain%20neutral%20background%2C%20sharp%20focus%2C%20photorealistic%2C%20no%20text%2C%20no%20watermark%2C%20a%20person%20sunbathing%20on%20a%20beach%20towel%20in%20the%20sun?width=1024&height=1024&nologo=true&seed=5195&model=flux
hike	https://image.pollinations.ai/prompt/professional%20realistic%20portrait%20photograph%2C%20DSLR%2C%20soft%20natural%20light%2C%20plain%20neutral%20background%2C%20sharp%20focus%2C%20photorealistic%2C%20no%20text%2C%20no%20watermark%2C%20a%20hiker%20walking%20on%20a%20mountain%20trail%20with%20a%20backpack?width=1024&height=1024&nologo=true&seed=5196&model=flux
camp	https://image.pollinations.ai/prompt/professional%20realistic%20photograph%2C%20DSLR%2C%20natural%20daylight%2C%20sharp%20focus%2C%20photorealistic%2C%20no%20readable%20text%2C%20all%20signs%20blank%2C%20no%20watermark%2C%20no%20logo%2C%20no%20cartoon%2C%20a%20camping%20tent%20set%20up%20in%20a%20forest%20clearing?width=1024&height=1024&nologo=true&seed=5197&model=flux
dive	https://image.pollinations.ai/prompt/professional%20realistic%20portrait%20photograph%2C%20DSLR%2C%20soft%20natural%20light%2C%20plain%20neutral%20background%2C%20sharp%20focus%2C%20photorealistic%2C%20no%20text%2C%20no%20watermark%2C%20a%20scuba%20diver%20swimming%20underwater%20in%20blue%20sea?width=1024&height=1024&nologo=true&seed=5198&model=flux
