accommodation	https://image.pollinations.ai/prompt/professional%20realistic%20photograph%2C%20DSLR%2C%20natural%20daylight%2C%20sharp%20focus%2C%20photorealistic%2C%20no%20readable%20text%2C%20no%20letters%2C%20all%20signs%20blank%2C%20no%20watermark%2C%20no%20logo%2C%20no%20cartoon%2C%20the%20exterior%20of%20a%20small%20hotel%20building%20with%20balconies?width=1024&height=1024&nologo=true&seed=61000&model=flux
accident	https://image.pollinations.ai/prompt/professional%20realistic%20photograph%2C%20DSLR%2C%20natural%20daylight%2C%20sharp%20focus%2C%20photorealistic%2C%20no%20readable%20text%2C%20no%20letters%2C%20all%20signs%20blank%2C%20no%20watermark%2C%20no%20logo%2C%20no%20cartoon%2C%20a%20car%20with%20a%20badly%20dented%20front%20bumper%20stopped%20at%20the%20roadside%20after%20a%20crash?width=1024&height=1024&nologo=true&seed=61001&model=flux
director	https://image.pollinations.ai/prompt/professional%20realistic%20photograph%2C%20DSLR%2C%20soft%20natural%20light%2C%20sharp%20focus%2C%20photorealistic%2C%20fully%20clothed%2C%20modest%20clothing%2C%20natural%20anatomy%2C%20correct%20hands%2C%20no%20bare%20skin%2C%20no%20text%2C%20no%20watermark%2C%20a%20film%20director%20holding%20a%20clapperboard%20on%20a%20film%20set?width=1024&height=1024&nologo=true&seed=61002&model=flux
scene	https://image.pollinations.ai/prompt/professional%20realistic%20photograph%2C%20DSLR%2C%20natural%20daylight%2C%20sharp%20focus%2C%20photorealistic%2C%20no%20readable%20text%2C%20no%20letters%2C%20all%20signs%20blank%2C%20no%20watermark%2C%20no%20logo%2C%20no%20cartoon%2C%20a%20film%20set%20with%20lights%2C%20camera%20and%20crew%20during%20a%20shoot?width=1024&height=1024&nologo=true&seed=61003&model=flux
soundtrack	https://image.pollinations.ai/prompt/professional%20realistic%20photograph%2C%20single%20real%20object%2C%20DSLR%2C%20soft%20studio%20light%2C%20plain%20neutral%20light%20grey%20background%2C%20centered%2C%20sharp%20focus%2C%20high%20detail%2C%20no%20text%2C%20no%20letters%2C%20no%20watermark%2C%20no%20logo%2C%20no%20illustration%2C%20no%20cartoon%2C%20photorealistic%2C%20headphones%20lying%20on%20a%20music%20score%20with%20a%20small%20speaker?width=1024&height=1024&nologo=true&seed=61004&model=flux
composer	https://image.pollinations.ai/prompt/professional%20realistic%20photograph%2C%20DSLR%2C%20soft%20natural%20light%2C%20sharp%20focus%2C%20photorealistic%2C%20fully%20clothed%2C%20modest%20clothing%2C%20natural%20anatomy%2C%20correct%20hands%2C%20no%20bare%20skin%2C%20no%20text%2C%20no%20watermark%2C%20a%20composer%20sitting%20at%20a%20grand%20piano%20writing%20music?width=1024&height=1024&nologo=true&seed=61005&model=flux
rhythm	https://image.pollinations.ai/prompt/professional%20realistic%20photograph%2C%20single%20real%20object%2C%20DSLR%2C%20soft%20studio%20light%2C%20plain%20neutral%20light%20grey%20background%2C%20centered%2C%20sharp%20focus%2C%20high%20detail%2C%20no%20text%2C%20no%20letters%2C%20no%20watermark%2C%20no%20logo%2C%20no%20illustration%2C%20no%20cartoon%2C%20photorealistic%2C%20a%20drum%20kit%20with%20drumsticks%20resting%20on%20the%20snare?width=1024&height=1024&nologo=true&seed=61006&model=flux
global_warming	https://image.pollinations.ai/prompt/professional%20realistic%20photograph%2C%20DSLR%2C%20natural%20daylight%2C%20sharp%20focus%2C%20photorealistic%2C%20no%20readable%20text%2C%20no%20letters%2C%20all%20signs%20blank%2C%20no%20watermark%2C%20no%20logo%2C%20no%20cartoon%2C%20a%20melting%20glacier%20breaking%20into%20the%20sea%20under%20a%20hot%20sun?width=1024&height=1024&nologo=true&seed=61007&model=flux
agriculture	https://image.pollinations.ai/prompt/professional%20realistic%20photograph%2C%20DSLR%2C%20natural%20daylight%2C%20sharp%20focus%2C%20photorealistic%2C%20no%20readable%20text%2C%20no%20letters%2C%20all%20signs%20blank%2C%20no%20watermark%2C%20no%20logo%2C%20no%20cartoon%2C%20a%20tractor%20working%20in%20a%20large%20green%20farm%20field?width=1024&height=1024&nologo=true&seed=61008&model=flux
roots	https://image.pollinations.ai/prompt/professional%20realistic%20photograph%2C%20single%20real%20object%2C%20DSLR%2C%20soft%20studio%20light%2C%20plain%20neutral%20light%20grey%20background%2C%20centered%2C%20sharp%20focus%2C%20high%20detail%2C%20no%20text%2C%20no%20letters%2C%20no%20watermark%2C%20no%20logo%2C%20no%20illustration%2C%20no%20cartoon%2C%20photorealistic%2C%20thick%20tree%20roots%20spreading%20over%20the%20forest%20ground?width=1024&height=1024&nologo=true&seed=61009&model=flux
disaster	https://image.pollinations.ai/prompt/professional%20realistic%20photograph%2C%20DSLR%2C%20natural%20daylight%2C%20sharp%20focus%2C%20photorealistic%2C%20no%20readable%20text%2C%20no%20letters%2C%20all%20signs%20blank%2C%20no%20watermark%2C%20no%20logo%2C%20no%20cartoon%2C%20a%20flooded%20street%20with%20water%20covering%20cars%20after%20heavy%20rain?width=1024&height=1024&nologo=true&seed=61010&model=flux
nausea	https://image.pollinations.ai/prompt/professional%20realistic%20photograph%2C%20DSLR%2C%20soft%20natural%20light%2C%20sharp%20focus%2C%20photorealistic%2C%20fully%20clothed%2C%20modest%20clothing%2C%20natural%20anatomy%2C%20correct%20hands%2C%20no%20bare%20skin%2C%20no%20text%2C%20no%20watermark%2C%20a%20fully%20clothed%20person%20sitting%20on%20a%20sofa%20holding%20their%20stomach%2C%20feeling%20unwell?width=1024&height=1024&nologo=true&seed=61011&model=flux
dizziness	https://image.pollinations.ai/prompt/professional%20realistic%20photograph%2C%20DSLR%2C%20soft%20natural%20light%2C%20sharp%20focus%2C%20photorealistic%2C%20fully%20clothed%2C%20modest%20clothing%2C%20natural%20anatomy%2C%20correct%20hands%2C%20no%20bare%20skin%2C%20no%20text%2C%20no%20watermark%2C%20a%20fully%20clothed%20person%20steadying%20themselves%20against%20a%20wall%2C%20feeling%20faint?width=1024&height=1024&nologo=true&seed=61012&model=flux
fatigue	https://image.pollinations.ai/prompt/professional%20realistic%20photograph%2C%20DSLR%2C%20soft%20natural%20light%2C%20sharp%20focus%2C%20photorealistic%2C%20fully%20clothed%2C%20modest%20clothing%2C%20natural%20anatomy%2C%20correct%20hands%2C%20no%20bare%20skin%2C%20no%20text%2C%20no%20watermark%2C%20a%20fully%20clothed%20person%20asleep%20at%20a%20desk%20beside%20a%20laptop%2C%20exhausted?width=1024&height=1024&nologo=true&seed=61013&model=flux
therapy	https://image.pollinations.ai/prompt/professional%20realistic%20photograph%2C%20DSLR%2C%20natural%20daylight%2C%20sharp%20focus%2C%20photorealistic%2C%20no%20readable%20text%2C%20no%20letters%2C%20all%20signs%20blank%2C%20no%20watermark%2C%20no%20logo%2C%20no%20cartoon%2C%20a%20calm%20counselling%20room%20with%20two%20armchairs%20facing%20each%20other?width=1024&height=1024&nologo=true&seed=61014&model=flux
remedy	https://image.pollinations.ai/prompt/professional%20realistic%20photograph%2C%20single%20real%20object%2C%20DSLR%2C%20soft%20studio%20light%2C%20plain%20neutral%20light%20grey%20background%2C%20centered%2C%20sharp%20focus%2C%20high%20detail%2C%20no%20text%2C%20no%20letters%2C%20no%20watermark%2C%20no%20logo%2C%20no%20illustration%2C%20no%20cartoon%2C%20photorealistic%2C%20a%20cup%20of%20herbal%20tea%20with%20dried%20herbs%20and%20lemon%20beside%20it?width=1024&height=1024&nologo=true&seed=61015&model=flux
recovery	https://image.pollinations.ai/prompt/professional%20realistic%20photograph%2C%20DSLR%2C%20soft%20natural%20light%2C%20sharp%20focus%2C%20photorealistic%2C%20fully%20clothed%2C%20modest%20clothing%2C%20natural%20anatomy%2C%20correct%20hands%2C%20no%20bare%20skin%2C%20no%20text%2C%20no%20watermark%2C%20a%20patient%20in%20a%20hospital%20bed%20smiling%2C%20sitting%20up%20under%20a%20blanket?width=1024&height=1024&nologo=true&seed=61016&model=flux
check_up	https://image.pollinations.ai/prompt/professional%20realistic%20photograph%2C%20DSLR%2C%20natural%20daylight%2C%20sharp%20focus%2C%20photorealistic%2C%20no%20readable%20text%2C%20no%20letters%2C%20all%20signs%20blank%2C%20no%20watermark%2C%20no%20logo%2C%20no%20cartoon%2C%20a%20doctor%20listening%20to%20a%20patient%20with%20a%20stethoscope%20in%20a%20clinic?width=1024&height=1024&nologo=true&seed=61017&model=flux
balanced_diet	https://image.pollinations.ai/prompt/professional%20realistic%20photograph%2C%20single%20real%20object%2C%20DSLR%2C%20soft%20studio%20light%2C%20plain%20neutral%20light%20grey%20background%2C%20centered%2C%20sharp%20focus%2C%20high%20detail%2C%20no%20text%2C%20no%20letters%2C%20no%20watermark%2C%20no%20logo%2C%20no%20illustration%2C%20no%20cartoon%2C%20photorealistic%2C%20a%20plate%20divided%20into%20vegetables%2C%20rice%20and%20grilled%20chicken?width=1024&height=1024&nologo=true&seed=61018&model=flux
calorie	https://image.pollinations.ai/prompt/professional%20realistic%20photograph%2C%20single%20real%20object%2C%20DSLR%2C%20soft%20studio%20light%2C%20plain%20neutral%20light%20grey%20background%2C%20centered%2C%20sharp%20focus%2C%20high%20detail%2C%20no%20text%2C%20no%20letters%2C%20no%20watermark%2C%20no%20logo%2C%20no%20illustration%2C%20no%20cartoon%2C%20photorealistic%2C%20a%20kitchen%20scale%20with%20a%20bowl%20of%20food%20on%20it?width=1024&height=1024&nologo=true&seed=61019&model=flux
protein	https://image.pollinations.ai/prompt/professional%20realistic%20photograph%2C%20single%20real%20object%2C%20DSLR%2C%20soft%20studio%20light%2C%20plain%20neutral%20light%20grey%20background%2C%20centered%2C%20sharp%20focus%2C%20high%20detail%2C%20no%20text%2C%20no%20letters%2C%20no%20watermark%2C%20no%20logo%2C%20no%20illustration%2C%20no%20cartoon%2C%20photorealistic%2C%20eggs%2C%20fish%20and%20beans%20arranged%20together%20on%20a%20wooden%20board?width=1024&height=1024&nologo=true&seed=61020&model=flux
hydration	https://image.pollinations.ai/prompt/professional%20realistic%20photograph%2C%20single%20real%20object%2C%20DSLR%2C%20soft%20studio%20light%2C%20plain%20neutral%20light%20grey%20background%2C%20centered%2C%20sharp%20focus%2C%20high%20detail%2C%20no%20text%2C%20no%20letters%2C%20no%20watermark%2C%20no%20logo%2C%20no%20illustration%2C%20no%20cartoon%2C%20photorealistic%2C%20a%20clear%20glass%20of%20water%20beside%20a%20full%20water%20bottle?width=1024&height=1024&nologo=true&seed=61021&model=flux
portion	https://image.pollinations.ai/prompt/professional%20realistic%20photograph%2C%20single%20real%20object%2C%20DSLR%2C%20soft%20studio%20light%2C%20plain%20neutral%20light%20grey%20background%2C%20centered%2C%20sharp%20focus%2C%20high%20detail%2C%20no%20text%2C%20no%20letters%2C%20no%20watermark%2C%20no%20logo%2C%20no%20illustration%2C%20no%20cartoon%2C%20photorealistic%2C%20a%20single%20measured%20serving%20of%20rice%20on%20a%20small%20plate?width=1024&height=1024&nologo=true&seed=61022&model=flux
fibre	https://image.pollinations.ai/prompt/professional%20realistic%20photograph%2C%20single%20real%20object%2C%20DSLR%2C%20soft%20studio%20light%2C%20plain%20neutral%20light%20grey%20background%2C%20centered%2C%20sharp%20focus%2C%20high%20detail%2C%20no%20text%2C%20no%20letters%2C%20no%20watermark%2C%20no%20logo%2C%20no%20illustration%2C%20no%20cartoon%2C%20photorealistic%2C%20a%20bowl%20of%20oats%2C%20beans%20and%20fresh%20green%20vegetables?width=1024&height=1024&nologo=true&seed=61023&model=flux
nutrient	https://image.pollinations.ai/prompt/professional%20realistic%20photograph%2C%20single%20real%20object%2C%20DSLR%2C%20soft%20studio%20light%2C%20plain%20neutral%20light%20grey%20background%2C%20centered%2C%20sharp%20focus%2C%20high%20detail%2C%20no%20text%2C%20no%20letters%2C%20no%20watermark%2C%20no%20logo%2C%20no%20illustration%2C%20no%20cartoon%2C%20photorealistic%2C%20a%20colourful%20assortment%20of%20fresh%20fruit%20and%20vegetables?width=1024&height=1024&nologo=true&seed=61024&model=flux
hardware	https://image.pollinations.ai/prompt/professional%20realistic%20photograph%2C%20single%20real%20object%2C%20DSLR%2C%20soft%20studio%20light%2C%20plain%20neutral%20light%20grey%20background%2C%20centered%2C%20sharp%20focus%2C%20high%20detail%2C%20no%20text%2C%20no%20letters%2C%20no%20watermark%2C%20no%20logo%2C%20no%20illustration%2C%20no%20cartoon%2C%20photorealistic%2C%20computer%20parts%20on%20a%20desk%3A%20a%20motherboard%2C%20RAM%20sticks%20and%20a%20fan?width=1024&height=1024&nologo=true&seed=61025&model=flux
storage	https://image.pollinations.ai/prompt/professional%20realistic%20photograph%2C%20single%20real%20object%2C%20DSLR%2C%20soft%20studio%20light%2C%20plain%20neutral%20light%20grey%20background%2C%20centered%2C%20sharp%20focus%2C%20high%20detail%2C%20no%20text%2C%20no%20letters%2C%20no%20watermark%2C%20no%20logo%2C%20no%20illustration%2C%20no%20cartoon%2C%20photorealistic%2C%20two%20external%20hard%20drives%20and%20a%20memory%20stick%20on%20a%20desk?width=1024&height=1024&nologo=true&seed=61026&model=flux
wi_fi	https://image.pollinations.ai/prompt/professional%20realistic%20photograph%2C%20single%20real%20object%2C%20DSLR%2C%20soft%20studio%20light%2C%20plain%20neutral%20light%20grey%20background%2C%20centered%2C%20sharp%20focus%2C%20high%20detail%2C%20no%20text%2C%20no%20letters%2C%20no%20watermark%2C%20no%20logo%2C%20no%20illustration%2C%20no%20cartoon%2C%20photorealistic%2C%20a%20white%20wireless%20router%20with%20three%20antennas%20on%20a%20shelf?width=1024&height=1024&nologo=true&seed=61027&model=flux
signal	https://image.pollinations.ai/prompt/professional%20realistic%20photograph%2C%20DSLR%2C%20natural%20daylight%2C%20sharp%20focus%2C%20photorealistic%2C%20no%20readable%20text%2C%20no%20letters%2C%20all%20signs%20blank%2C%20no%20watermark%2C%20no%20logo%2C%20no%20cartoon%2C%20a%20tall%20mobile%20phone%20mast%20against%20a%20clear%20blue%20sky?width=1024&height=1024&nologo=true&seed=61028&model=flux
search_engine	https://image.pollinations.ai/prompt/professional%20realistic%20photograph%2C%20single%20real%20object%2C%20DSLR%2C%20soft%20studio%20light%2C%20plain%20neutral%20light%20grey%20background%2C%20centered%2C%20sharp%20focus%2C%20high%20detail%2C%20no%20text%2C%20no%20letters%2C%20no%20watermark%2C%20no%20logo%2C%20no%20illustration%2C%20no%20cartoon%2C%20photorealistic%2C%20a%20laptop%20on%20a%20desk%20showing%20an%20empty%20browser%20search%20box?width=1024&height=1024&nologo=true&seed=61029&model=flux
inbox	https://image.pollinations.ai/prompt/professional%20realistic%20photograph%2C%20single%20real%20object%2C%20DSLR%2C%20soft%20studio%20light%2C%20plain%20neutral%20light%20grey%20background%2C%20centered%2C%20sharp%20focus%2C%20high%20detail%2C%20no%20text%2C%20no%20letters%2C%20no%20watermark%2C%20no%20logo%2C%20no%20illustration%2C%20no%20cartoon%2C%20photorealistic%2C%20a%20laptop%20screen%20showing%20a%20list%20of%20unread%20email%20messages?width=1024&height=1024&nologo=true&seed=61030&model=flux
spam	https://image.pollinations.ai/prompt/professional%20realistic%20photograph%2C%20single%20real%20object%2C%20DSLR%2C%20soft%20studio%20light%2C%20plain%20neutral%20light%20grey%20background%2C%20centered%2C%20sharp%20focus%2C%20high%20detail%2C%20no%20text%2C%20no%20letters%2C%20no%20watermark%2C%20no%20logo%2C%20no%20illustration%2C%20no%20cartoon%2C%20photorealistic%2C%20an%20overflowing%20metal%20bin%20full%20of%20crumpled%20junk%20mail%20letters?width=1024&height=1024&nologo=true&seed=61031&model=flux
profile	https://image.pollinations.ai/prompt/professional%20realistic%20photograph%2C%20single%20real%20object%2C%20DSLR%2C%20soft%20studio%20light%2C%20plain%20neutral%20light%20grey%20background%2C%20centered%2C%20sharp%20focus%2C%20high%20detail%2C%20no%20text%2C%20no%20letters%2C%20no%20watermark%2C%20no%20logo%2C%20no%20illustration%2C%20no%20cartoon%2C%20photorealistic%2C%20a%20phone%20screen%20showing%20a%20round%20user%20avatar%20and%20a%20follow%20button?width=1024&height=1024&nologo=true&seed=61032&model=flux
influencer	https://image.pollinations.ai/prompt/professional%20realistic%20photograph%2C%20DSLR%2C%20soft%20natural%20light%2C%20sharp%20focus%2C%20photorealistic%2C%20fully%20clothed%2C%20modest%20clothing%2C%20natural%20anatomy%2C%20correct%20hands%2C%20no%20bare%20skin%2C%20no%20text%2C%20no%20watermark%2C%20a%20young%20person%20filming%20themselves%20with%20a%20phone%20on%20a%20tripod%20and%20a%20ring%20light?width=1024&height=1024&nologo=true&seed=61033&model=flux
livestream	https://image.pollinations.ai/prompt/professional%20realistic%20photograph%2C%20single%20real%20object%2C%20DSLR%2C%20soft%20studio%20light%2C%20plain%20neutral%20light%20grey%20background%2C%20centered%2C%20sharp%20focus%2C%20high%20detail%2C%20no%20text%2C%20no%20letters%2C%20no%20watermark%2C%20no%20logo%2C%20no%20illustration%2C%20no%20cartoon%2C%20photorealistic%2C%20a%20streaming%20setup%20with%20a%20camera%2C%20microphone%20and%20ring%20light%20on%20a%20desk?width=1024&height=1024&nologo=true&seed=61034&model=flux
screenshot	https://image.pollinations.ai/prompt/professional%20realistic%20photograph%2C%20single%20real%20object%2C%20DSLR%2C%20soft%20studio%20light%2C%20plain%20neutral%20light%20grey%20background%2C%20centered%2C%20sharp%20focus%2C%20high%20detail%2C%20no%20text%2C%20no%20letters%2C%20no%20watermark%2C%20no%20logo%2C%20no%20illustration%2C%20no%20cartoon%2C%20photorealistic%2C%20a%20hand%20holding%20a%20phone%20that%20displays%20a%20captured%20screen%20image?width=1024&height=1024&nologo=true&seed=61035&model=flux
hacker	https://image.pollinations.ai/prompt/professional%20realistic%20photograph%2C%20DSLR%2C%20soft%20natural%20light%2C%20sharp%20focus%2C%20photorealistic%2C%20fully%20clothed%2C%20modest%20clothing%2C%20natural%20anatomy%2C%20correct%20hands%2C%20no%20bare%20skin%2C%20no%20text%2C%20no%20watermark%2C%20a%20hooded%20figure%20typing%20at%20a%20keyboard%20in%20a%20dark%20room%20lit%20by%20screens?width=1024&height=1024&nologo=true&seed=61036&model=flux
bluetooth	https://image.pollinations.ai/prompt/professional%20realistic%20photograph%2C%20single%20real%20object%2C%20DSLR%2C%20soft%20studio%20light%2C%20plain%20neutral%20light%20grey%20background%2C%20centered%2C%20sharp%20focus%2C%20high%20detail%2C%20no%20text%2C%20no%20letters%2C%20no%20watermark%2C%20no%20logo%2C%20no%20illustration%2C%20no%20cartoon%2C%20photorealistic%2C%20a%20pair%20of%20small%20wireless%20earbuds%20beside%20their%20charging%20case?width=1024&height=1024&nologo=true&seed=61037&model=flux
expense	https://image.pollinations.ai/prompt/professional%20realistic%20photograph%2C%20single%20real%20object%2C%20DSLR%2C%20soft%20studio%20light%2C%20plain%20neutral%20light%20grey%20background%2C%20centered%2C%20sharp%20focus%2C%20high%20detail%2C%20no%20text%2C%20no%20letters%2C%20no%20watermark%2C%20no%20logo%2C%20no%20illustration%2C%20no%20cartoon%2C%20photorealistic%2C%20a%20pile%20of%20paper%20shop%20receipts%20spread%20on%20a%20table?width=1024&height=1024&nologo=true&seed=61038&model=flux
transaction	https://image.pollinations.ai/prompt/professional%20realistic%20photograph%2C%20DSLR%2C%20natural%20daylight%2C%20sharp%20focus%2C%20photorealistic%2C%20no%20readable%20text%2C%20no%20letters%2C%20all%20signs%20blank%2C%20no%20watermark%2C%20no%20logo%2C%20no%20cartoon%2C%20a%20hand%20holding%20a%20bank%20card%20at%20a%20payment%20terminal?width=1024&height=1024&nologo=true&seed=61039&model=flux
mortgage	https://image.pollinations.ai/prompt/professional%20realistic%20photograph%2C%20single%20real%20object%2C%20DSLR%2C%20soft%20studio%20light%2C%20plain%20neutral%20light%20grey%20background%2C%20centered%2C%20sharp%20focus%2C%20high%20detail%2C%20no%20text%2C%20no%20letters%2C%20no%20watermark%2C%20no%20logo%2C%20no%20illustration%2C%20no%20cartoon%2C%20photorealistic%2C%20a%20set%20of%20house%20keys%20resting%20on%20a%20printed%20document%20beside%20a%20small%20model%20house?width=1024&height=1024&nologo=true&seed=61040&model=flux
pension	https://image.pollinations.ai/prompt/professional%20realistic%20photograph%2C%20DSLR%2C%20soft%20natural%20light%2C%20sharp%20focus%2C%20photorealistic%2C%20fully%20clothed%2C%20modest%20clothing%2C%20natural%20anatomy%2C%20correct%20hands%2C%20no%20bare%20skin%2C%20no%20text%2C%20no%20watermark%2C%20an%20elderly%20couple%20sitting%20together%20on%20a%20park%20bench?width=1024&height=1024&nologo=true&seed=61041&model=flux
insurance	https://image.pollinations.ai/prompt/professional%20realistic%20photograph%2C%20single%20real%20object%2C%20DSLR%2C%20soft%20studio%20light%2C%20plain%20neutral%20light%20grey%20background%2C%20centered%2C%20sharp%20focus%2C%20high%20detail%2C%20no%20text%2C%20no%20letters%2C%20no%20watermark%2C%20no%20logo%2C%20no%20illustration%2C%20no%20cartoon%2C%20photorealistic%2C%20a%20folded%20insurance%20document%20beside%20a%20pen%20and%20a%20small%20car%20model?width=1024&height=1024&nologo=true&seed=61042&model=flux
warranty	https://image.pollinations.ai/prompt/professional%20realistic%20photograph%2C%20single%20real%20object%2C%20DSLR%2C%20soft%20studio%20light%2C%20plain%20neutral%20light%20grey%20background%2C%20centered%2C%20sharp%20focus%2C%20high%20detail%2C%20no%20text%2C%20no%20letters%2C%20no%20watermark%2C%20no%20logo%2C%20no%20illustration%2C%20no%20cartoon%2C%20photorealistic%2C%20a%20printed%20certificate%20with%20a%20gold%20seal%20and%20a%20red%20ribbon?width=1024&height=1024&nologo=true&seed=61043&model=flux
retail	https://image.pollinations.ai/prompt/professional%20realistic%20photograph%2C%20DSLR%2C%20natural%20daylight%2C%20sharp%20focus%2C%20photorealistic%2C%20no%20readable%20text%2C%20no%20letters%2C%20all%20signs%20blank%2C%20no%20watermark%2C%20no%20logo%2C%20no%20cartoon%2C%20the%20bright%20interior%20of%20a%20clothing%20shop%20with%20rails%20of%20clothes?width=1024&height=1024&nologo=true&seed=61044&model=flux
shopper	https://image.pollinations.ai/prompt/professional%20realistic%20photograph%2C%20DSLR%2C%20soft%20natural%20light%2C%20sharp%20focus%2C%20photorealistic%2C%20fully%20clothed%2C%20modest%20clothing%2C%20natural%20anatomy%2C%20correct%20hands%2C%20no%20bare%20skin%2C%20no%20text%2C%20no%20watermark%2C%20a%20person%20walking%20out%20of%20a%20shop%20carrying%20several%20paper%20shopping%20bags?width=1024&height=1024&nologo=true&seed=61045&model=flux
tax	https://image.pollinations.ai/prompt/professional%20realistic%20photograph%2C%20single%20real%20object%2C%20DSLR%2C%20soft%20studio%20light%2C%20plain%20neutral%20light%20grey%20background%2C%20centered%2C%20sharp%20focus%2C%20high%20detail%2C%20no%20text%2C%20no%20letters%2C%20no%20watermark%2C%20no%20logo%2C%20no%20illustration%2C%20no%20cartoon%2C%20photorealistic%2C%20a%20printed%20form%20on%20a%20desk%20with%20a%20calculator%20and%20a%20pen?width=1024&height=1024&nologo=true&seed=61046&model=flux
fine	https://image.pollinations.ai/prompt/professional%20realistic%20photograph%2C%20single%20real%20object%2C%20DSLR%2C%20soft%20studio%20light%2C%20plain%20neutral%20light%20grey%20background%2C%20centered%2C%20sharp%20focus%2C%20high%20detail%2C%20no%20text%2C%20no%20letters%2C%20no%20watermark%2C%20no%20logo%2C%20no%20illustration%2C%20no%20cartoon%2C%20photorealistic%2C%20a%20parking%20penalty%20notice%20tucked%20under%20a%20car%20windscreen%20wiper?width=1024&height=1024&nologo=true&seed=61047&model=flux
membership	https://image.pollinations.ai/prompt/professional%20realistic%20photograph%2C%20single%20real%20object%2C%20DSLR%2C%20soft%20studio%20light%2C%20plain%20neutral%20light%20grey%20background%2C%20centered%2C%20sharp%20focus%2C%20high%20detail%2C%20no%20text%2C%20no%20letters%2C%20no%20watermark%2C%20no%20logo%2C%20no%20illustration%2C%20no%20cartoon%2C%20photorealistic%2C%20a%20plastic%20membership%20card%20held%20in%20a%20hand?width=1024&height=1024&nologo=true&seed=61048&model=flux
marriage	https://image.pollinations.ai/prompt/professional%20realistic%20photograph%2C%20DSLR%2C%20soft%20natural%20light%2C%20sharp%20focus%2C%20photorealistic%2C%20fully%20clothed%2C%20modest%20clothing%2C%20natural%20anatomy%2C%20correct%20hands%2C%20no%20bare%20skin%2C%20no%20text%2C%20no%20watermark%2C%20a%20bride%20and%20groom%20standing%20together%20outdoors%2C%20wedding%20day?width=1024&height=1024&nologo=true&seed=61049&model=flux
engagement	https://image.pollinations.ai/prompt/professional%20realistic%20photograph%2C%20single%20real%20object%2C%20DSLR%2C%20soft%20studio%20light%2C%20plain%20neutral%20light%20grey%20background%2C%20centered%2C%20sharp%20focus%2C%20high%20detail%2C%20no%20text%2C%20no%20letters%2C%20no%20watermark%2C%20no%20logo%2C%20no%20illustration%2C%20no%20cartoon%2C%20photorealistic%2C%20a%20diamond%20engagement%20ring%20in%20an%20open%20velvet%20box?width=1024&height=1024&nologo=true&seed=61050&model=flux
sibling	https://image.pollinations.ai/prompt/professional%20realistic%20photograph%2C%20DSLR%2C%20soft%20natural%20light%2C%20sharp%20focus%2C%20photorealistic%2C%20fully%20clothed%2C%20modest%20clothing%2C%20natural%20anatomy%2C%20correct%20hands%2C%20no%20bare%20skin%2C%20no%20text%2C%20no%20watermark%2C%20two%20children%20standing%20side%20by%20side%20smiling%2C%20full%20body?width=1024&height=1024&nologo=true&seed=61051&model=flux
relative	https://image.pollinations.ai/prompt/professional%20realistic%20photograph%2C%20DSLR%2C%20natural%20daylight%2C%20sharp%20focus%2C%20photorealistic%2C%20no%20readable%20text%2C%20no%20letters%2C%20all%20signs%20blank%2C%20no%20watermark%2C%20no%20logo%2C%20no%20cartoon%2C%20a%20family%20of%20several%20people%20standing%20in%20a%20row%20outdoors%2C%20wide%20shot?width=1024&height=1024&nologo=true&seed=61052&model=flux
ancestor	https://image.pollinations.ai/prompt/professional%20realistic%20photograph%2C%20single%20real%20object%2C%20DSLR%2C%20soft%20studio%20light%2C%20plain%20neutral%20light%20grey%20background%2C%20centered%2C%20sharp%20focus%2C%20high%20detail%2C%20no%20text%2C%20no%20letters%2C%20no%20watermark%2C%20no%20logo%2C%20no%20illustration%2C%20no%20cartoon%2C%20photorealistic%2C%20old%20sepia%20family%20photographs%20spread%20on%20a%20wooden%20table?width=1024&height=1024&nologo=true&seed=61053&model=flux
generation	https://image.pollinations.ai/prompt/professional%20realistic%20photograph%2C%20DSLR%2C%20soft%20natural%20light%2C%20sharp%20focus%2C%20photorealistic%2C%20fully%20clothed%2C%20modest%20clothing%2C%20natural%20anatomy%2C%20correct%20hands%2C%20no%20bare%20skin%2C%20no%20text%2C%20no%20watermark%2C%20a%20grandmother%2C%20a%20mother%20and%20a%20child%20standing%20side%20by%20side%2C%20full%20body?width=1024&height=1024&nologo=true&seed=61054&model=flux
ingredient	https://image.pollinations.ai/prompt/professional%20realistic%20photograph%2C%20single%20real%20object%2C%20DSLR%2C%20soft%20studio%20light%2C%20plain%20neutral%20light%20grey%20background%2C%20centered%2C%20sharp%20focus%2C%20high%20detail%2C%20no%20text%2C%20no%20letters%2C%20no%20watermark%2C%20no%20logo%2C%20no%20illustration%2C%20no%20cartoon%2C%20photorealistic%2C%20flour%2C%20eggs%2C%20butter%20and%20sugar%20laid%20out%20on%20a%20kitchen%20counter?width=1024&height=1024&nologo=true&seed=61055&model=flux
cuisine	https://image.pollinations.ai/prompt/professional%20realistic%20photograph%2C%20DSLR%2C%20natural%20daylight%2C%20sharp%20focus%2C%20photorealistic%2C%20no%20readable%20text%2C%20no%20letters%2C%20all%20signs%20blank%2C%20no%20watermark%2C%20no%20logo%2C%20no%20cartoon%2C%20a%20table%20spread%20with%20several%20different%20traditional%20dishes?width=1024&height=1024&nologo=true&seed=61056&model=flux
reservation	https://image.pollinations.ai/prompt/professional%20realistic%20photograph%2C%20single%20real%20object%2C%20DSLR%2C%20soft%20studio%20light%2C%20plain%20neutral%20light%20grey%20background%2C%20centered%2C%20sharp%20focus%2C%20high%20detail%2C%20no%20text%2C%20no%20letters%2C%20no%20watermark%2C%20no%20logo%2C%20no%20illustration%2C%20no%20cartoon%2C%20photorealistic%2C%20a%20restaurant%20table%20set%20for%20two%20with%20a%20small%20blank%20card%20stand?width=1024&height=1024&nologo=true&seed=61057&model=flux
vegetarian	https://image.pollinations.ai/prompt/professional%20realistic%20photograph%2C%20single%20real%20object%2C%20DSLR%2C%20soft%20studio%20light%2C%20plain%20neutral%20light%20grey%20background%2C%20centered%2C%20sharp%20focus%2C%20high%20detail%2C%20no%20text%2C%20no%20letters%2C%20no%20watermark%2C%20no%20logo%2C%20no%20illustration%2C%20no%20cartoon%2C%20photorealistic%2C%20a%20plate%20of%20grilled%20vegetables%2C%20rice%20and%20salad?width=1024&height=1024&nologo=true&seed=61058&model=flux
vegan	https://image.pollinations.ai/prompt/professional%20realistic%20photograph%2C%20single%20real%20object%2C%20DSLR%2C%20soft%20studio%20light%2C%20plain%20neutral%20light%20grey%20background%2C%20centered%2C%20sharp%20focus%2C%20high%20detail%2C%20no%20text%2C%20no%20letters%2C%20no%20watermark%2C%20no%20logo%2C%20no%20illustration%2C%20no%20cartoon%2C%20photorealistic%2C%20a%20bowl%20of%20beans%2C%20avocado%2C%20tomatoes%20and%20leafy%20greens?width=1024&height=1024&nologo=true&seed=61059&model=flux
experiment	https://image.pollinations.ai/prompt/professional%20realistic%20photograph%2C%20DSLR%2C%20soft%20natural%20light%2C%20sharp%20focus%2C%20photorealistic%2C%20fully%20clothed%2C%20modest%20clothing%2C%20natural%20anatomy%2C%20correct%20hands%2C%20no%20bare%20skin%2C%20no%20text%2C%20no%20watermark%2C%20a%20scientist%20in%20a%20white%20coat%20holding%20a%20test%20tube%20in%20a%20laboratory?width=1024&height=1024&nologo=true&seed=61060&model=flux
research	https://image.pollinations.ai/prompt/professional%20realistic%20photograph%2C%20DSLR%2C%20natural%20daylight%2C%20sharp%20focus%2C%20photorealistic%2C%20no%20readable%20text%2C%20no%20letters%2C%20all%20signs%20blank%2C%20no%20watermark%2C%20no%20logo%2C%20no%20cartoon%2C%20a%20laboratory%20bench%20with%20a%20microscope%2C%20notebooks%20and%20glassware?width=1024&height=1024&nologo=true&seed=61061&model=flux
formula	https://image.pollinations.ai/prompt/professional%20realistic%20photograph%2C%20single%20real%20object%2C%20DSLR%2C%20soft%20studio%20light%2C%20plain%20neutral%20light%20grey%20background%2C%20centered%2C%20sharp%20focus%2C%20high%20detail%2C%20no%20text%2C%20no%20letters%2C%20no%20watermark%2C%20no%20logo%2C%20no%20illustration%2C%20no%20cartoon%2C%20photorealistic%2C%20a%20blackboard%20covered%20in%20handwritten%20mathematical%20symbols?width=1024&height=1024&nologo=true&seed=61062&model=flux
atom	https://image.pollinations.ai/prompt/professional%20realistic%20photograph%2C%20single%20real%20object%2C%20DSLR%2C%20soft%20studio%20light%2C%20plain%20neutral%20light%20grey%20background%2C%20centered%2C%20sharp%20focus%2C%20high%20detail%2C%20no%20text%2C%20no%20letters%2C%20no%20watermark%2C%20no%20logo%2C%20no%20illustration%2C%20no%20cartoon%2C%20photorealistic%2C%20a%20three%20dimensional%20model%20of%20an%20atom%20with%20orbiting%20electrons?width=1024&height=1024&nologo=true&seed=61063&model=flux
molecule	https://image.pollinations.ai/prompt/professional%20realistic%20photograph%2C%20single%20real%20object%2C%20DSLR%2C%20soft%20studio%20light%2C%20plain%20neutral%20light%20grey%20background%2C%20centered%2C%20sharp%20focus%2C%20high%20detail%2C%20no%20text%2C%20no%20letters%2C%20no%20watermark%2C%20no%20logo%2C%20no%20illustration%2C%20no%20cartoon%2C%20photorealistic%2C%20a%20ball%20and%20stick%20molecular%20model%20on%20a%20table?width=1024&height=1024&nologo=true&seed=61064&model=flux
chemical	https://image.pollinations.ai/prompt/professional%20realistic%20photograph%2C%20single%20real%20object%2C%20DSLR%2C%20soft%20studio%20light%2C%20plain%20neutral%20light%20grey%20background%2C%20centered%2C%20sharp%20focus%2C%20high%20detail%2C%20no%20text%2C%20no%20letters%2C%20no%20watermark%2C%20no%20logo%2C%20no%20illustration%2C%20no%20cartoon%2C%20photorealistic%2C%20laboratory%20bottles%20filled%20with%20coloured%20liquids%20on%20a%20shelf?width=1024&height=1024&nologo=true&seed=61065&model=flux
reaction	https://image.pollinations.ai/prompt/professional%20realistic%20photograph%2C%20single%20real%20object%2C%20DSLR%2C%20soft%20studio%20light%2C%20plain%20neutral%20light%20grey%20background%2C%20centered%2C%20sharp%20focus%2C%20high%20detail%2C%20no%20text%2C%20no%20letters%2C%20no%20watermark%2C%20no%20logo%2C%20no%20illustration%2C%20no%20cartoon%2C%20photorealistic%2C%20a%20beaker%20of%20liquid%20bubbling%20and%20giving%20off%20vapour%20in%20a%20lab?width=1024&height=1024&nologo=true&seed=61066&model=flux
radiation	https://image.pollinations.ai/prompt/professional%20realistic%20photograph%2C%20single%20real%20object%2C%20DSLR%2C%20soft%20studio%20light%2C%20plain%20neutral%20light%20grey%20background%2C%20centered%2C%20sharp%20focus%2C%20high%20detail%2C%20no%20text%2C%20no%20letters%2C%20no%20watermark%2C%20no%20logo%2C%20no%20illustration%2C%20no%20cartoon%2C%20photorealistic%2C%20a%20yellow%20and%20black%20radiation%20hazard%20sign%20on%20a%20metal%20door?width=1024&height=1024&nologo=true&seed=61067&model=flux
universe	https://image.pollinations.ai/prompt/professional%20realistic%20photograph%2C%20DSLR%2C%20natural%20daylight%2C%20sharp%20focus%2C%20photorealistic%2C%20no%20readable%20text%2C%20no%20letters%2C%20all%20signs%20blank%2C%20no%20watermark%2C%20no%20logo%2C%20no%20cartoon%2C%20a%20deep%20field%20of%20stars%20and%20coloured%20nebulae%20in%20space?width=1024&height=1024&nologo=true&seed=61068&model=flux
galaxy	https://image.pollinations.ai/prompt/professional%20realistic%20photograph%2C%20DSLR%2C%20natural%20daylight%2C%20sharp%20focus%2C%20photorealistic%2C%20no%20readable%20text%2C%20no%20letters%2C%20all%20signs%20blank%2C%20no%20watermark%2C%20no%20logo%2C%20no%20cartoon%2C%20a%20bright%20spiral%20galaxy%20seen%20from%20space?width=1024&height=1024&nologo=true&seed=61069&model=flux
orbit	https://image.pollinations.ai/prompt/professional%20realistic%20photograph%2C%20DSLR%2C%20natural%20daylight%2C%20sharp%20focus%2C%20photorealistic%2C%20no%20readable%20text%2C%20no%20letters%2C%20all%20signs%20blank%2C%20no%20watermark%2C%20no%20logo%2C%20no%20cartoon%2C%20a%20satellite%20circling%20the%20Earth%20seen%20from%20space?width=1024&height=1024&nologo=true&seed=61070&model=flux
gene	https://image.pollinations.ai/prompt/professional%20realistic%20photograph%2C%20single%20real%20object%2C%20DSLR%2C%20soft%20studio%20light%2C%20plain%20neutral%20light%20grey%20background%2C%20centered%2C%20sharp%20focus%2C%20high%20detail%2C%20no%20text%2C%20no%20letters%2C%20no%20watermark%2C%20no%20logo%2C%20no%20illustration%2C%20no%20cartoon%2C%20photorealistic%2C%20a%20glowing%20double%20helix%20DNA%20strand?width=1024&height=1024&nologo=true&seed=61071&model=flux
cell	https://image.pollinations.ai/prompt/professional%20realistic%20photograph%2C%20single%20real%20object%2C%20DSLR%2C%20soft%20studio%20light%2C%20plain%20neutral%20light%20grey%20background%2C%20centered%2C%20sharp%20focus%2C%20high%20detail%2C%20no%20text%2C%20no%20letters%2C%20no%20watermark%2C%20no%20logo%2C%20no%20illustration%2C%20no%20cartoon%2C%20photorealistic%2C%20a%20magnified%20view%20of%20living%20cells%20under%20a%20microscope?width=1024&height=1024&nologo=true&seed=61072&model=flux
ritual	https://image.pollinations.ai/prompt/professional%20realistic%20photograph%2C%20DSLR%2C%20natural%20daylight%2C%20sharp%20focus%2C%20photorealistic%2C%20no%20readable%20text%2C%20no%20letters%2C%20all%20signs%20blank%2C%20no%20watermark%2C%20no%20logo%2C%20no%20cartoon%2C%20people%20in%20traditional%20dress%20performing%20a%20ceremony%20with%20candles?width=1024&height=1024&nologo=true&seed=61073&model=flux
celebration	https://image.pollinations.ai/prompt/professional%20realistic%20photograph%2C%20DSLR%2C%20natural%20daylight%2C%20sharp%20focus%2C%20photorealistic%2C%20no%20readable%20text%2C%20no%20letters%2C%20all%20signs%20blank%2C%20no%20watermark%2C%20no%20logo%2C%20no%20cartoon%2C%20a%20crowd%20celebrating%20outdoors%20with%20balloons%20and%20colourful%20lights?width=1024&height=1024&nologo=true&seed=61074&model=flux
pilgrimage	https://image.pollinations.ai/prompt/professional%20realistic%20photograph%2C%20DSLR%2C%20natural%20daylight%2C%20sharp%20focus%2C%20photorealistic%2C%20no%20readable%20text%2C%20no%20letters%2C%20all%20signs%20blank%2C%20no%20watermark%2C%20no%20logo%2C%20no%20cartoon%2C%20a%20long%20line%20of%20pilgrims%20walking%20along%20a%20mountain%20path?width=1024&height=1024&nologo=true&seed=61075&model=flux
household	https://image.pollinations.ai/prompt/professional%20realistic%20photograph%2C%20DSLR%2C%20natural%20daylight%2C%20sharp%20focus%2C%20photorealistic%2C%20no%20readable%20text%2C%20no%20letters%2C%20all%20signs%20blank%2C%20no%20watermark%2C%20no%20logo%2C%20no%20cartoon%2C%20a%20family%20sitting%20together%20in%20a%20living%20room%20at%20home?width=1024&height=1024&nologo=true&seed=61076&model=flux
neighbourhood	https://image.pollinations.ai/prompt/professional%20realistic%20photograph%2C%20DSLR%2C%20natural%20daylight%2C%20sharp%20focus%2C%20photorealistic%2C%20no%20readable%20text%2C%20no%20letters%2C%20all%20signs%20blank%2C%20no%20watermark%2C%20no%20logo%2C%20no%20cartoon%2C%20a%20quiet%20residential%20street%20of%20houses%20with%20front%20gardens?width=1024&height=1024&nologo=true&seed=61077&model=flux
religion	https://image.pollinations.ai/prompt/professional%20realistic%20photograph%2C%20DSLR%2C%20natural%20daylight%2C%20sharp%20focus%2C%20photorealistic%2C%20no%20readable%20text%2C%20no%20letters%2C%20all%20signs%20blank%2C%20no%20watermark%2C%20no%20logo%2C%20no%20cartoon%2C%20the%20interior%20of%20a%20large%20place%20of%20worship%20with%20tall%20arches?width=1024&height=1024&nologo=true&seed=61078&model=flux
politician	https://image.pollinations.ai/prompt/professional%20realistic%20photograph%2C%20DSLR%2C%20soft%20natural%20light%2C%20sharp%20focus%2C%20photorealistic%2C%20fully%20clothed%2C%20modest%20clothing%2C%20natural%20anatomy%2C%20correct%20hands%2C%20no%20bare%20skin%2C%20no%20text%2C%20no%20watermark%2C%20a%20person%20in%20a%20suit%20speaking%20at%20a%20podium%20with%20microphones?width=1024&height=1024&nologo=true&seed=61079&model=flux
donation	https://image.pollinations.ai/prompt/professional%20realistic%20photograph%2C%20DSLR%2C%20natural%20daylight%2C%20sharp%20focus%2C%20photorealistic%2C%20no%20readable%20text%2C%20no%20letters%2C%20all%20signs%20blank%2C%20no%20watermark%2C%20no%20logo%2C%20no%20cartoon%2C%20hands%20dropping%20coins%20and%20notes%20into%20a%20cardboard%20donation%20box?width=1024&height=1024&nologo=true&seed=61080&model=flux
milestone	https://image.pollinations.ai/prompt/professional%20realistic%20photograph%2C%20single%20real%20object%2C%20DSLR%2C%20soft%20studio%20light%2C%20plain%20neutral%20light%20grey%20background%2C%20centered%2C%20sharp%20focus%2C%20high%20detail%2C%20no%20text%2C%20no%20letters%2C%20no%20watermark%2C%20no%20logo%2C%20no%20illustration%2C%20no%20cartoon%2C%20photorealistic%2C%20an%20old%20stone%20milestone%20marker%20beside%20a%20country%20road?width=1024&height=1024&nologo=true&seed=61081&model=flux
workload	https://image.pollinations.ai/prompt/professional%20realistic%20photograph%2C%20single%20real%20object%2C%20DSLR%2C%20soft%20studio%20light%2C%20plain%20neutral%20light%20grey%20background%2C%20centered%2C%20sharp%20focus%2C%20high%20detail%2C%20no%20text%2C%20no%20letters%2C%20no%20watermark%2C%20no%20logo%2C%20no%20illustration%2C%20no%20cartoon%2C%20photorealistic%2C%20a%20tall%20stack%20of%20paper%20files%20and%20folders%20on%20an%20office%20desk?width=1024&height=1024&nologo=true&seed=61082&model=flux
networking	https://image.pollinations.ai/prompt/professional%20realistic%20photograph%2C%20DSLR%2C%20natural%20daylight%2C%20sharp%20focus%2C%20photorealistic%2C%20no%20readable%20text%2C%20no%20letters%2C%20all%20signs%20blank%2C%20no%20watermark%2C%20no%20logo%2C%20no%20cartoon%2C%20people%20in%20business%20clothes%20talking%20and%20shaking%20hands%20at%20an%20event?width=1024&height=1024&nologo=true&seed=61083&model=flux
resume	https://image.pollinations.ai/prompt/professional%20realistic%20photograph%2C%20single%20real%20object%2C%20DSLR%2C%20soft%20studio%20light%2C%20plain%20neutral%20light%20grey%20background%2C%20centered%2C%20sharp%20focus%2C%20high%20detail%2C%20no%20text%2C%20no%20letters%2C%20no%20watermark%2C%20no%20logo%2C%20no%20illustration%2C%20no%20cartoon%2C%20photorealistic%2C%20a%20printed%20one%20page%20document%20on%20a%20desk%20beside%20a%20pen%20and%20glasses?width=1024&height=1024&nologo=true&seed=61084&model=flux
