das_auto	https://image.pollinations.ai/prompt/professional%20realistic%20photograph%2C%20DSLR%2C%20natural%20daylight%2C%20sharp%20focus%2C%20photorealistic%2C%20no%20readable%20text%2C%20no%20watermark%2C%20no%20logo%2C%20a%20modern%20red%20car%20parked%20on%20a%20street?width=1024&height=1024&nologo=true&seed=73000&model=flux
das_fahrrad	https://image.pollinations.ai/prompt/professional%20realistic%20photograph%2C%20DSLR%2C%20natural%20daylight%2C%20sharp%20focus%2C%20photorealistic%2C%20no%20readable%20text%2C%20no%20watermark%2C%20no%20logo%2C%20a%20modern%20bicycle%20parked%20outdoors?width=1024&height=1024&nologo=true&seed=73001&model=flux
das_flugzeug	https://image.pollinations.ai/prompt/professional%20realistic%20photograph%2C%20DSLR%2C%20natural%20daylight%2C%20sharp%20focus%2C%20photorealistic%2C%20no%20readable%20text%2C%20no%20watermark%2C%20no%20logo%2C%20a%20large%20passenger%20airplane%20flying%20in%20the%20sky?width=1024&height=1024&nologo=true&seed=73002&model=flux
das_hotel	https://image.pollinations.ai/prompt/professional%20realistic%20photograph%2C%20DSLR%2C%20natural%20daylight%2C%20sharp%20focus%2C%20photorealistic%2C%20no%20readable%20text%2C%20no%20watermark%2C%20no%20logo%2C%20a%20luxurious%20hotel%20building%20with%20a%20grand%20entrance?width=1024&height=1024&nologo=true&seed=73003&model=flux
das_krankenhaus	https://image.pollinations.ai/prompt/professional%20realistic%20photograph%2C%20DSLR%2C%20natural%20daylight%2C%20sharp%20focus%2C%20photorealistic%2C%20no%20readable%20text%2C%20no%20watermark%2C%20no%20logo%2C%20a%20modern%20hospital%20building?width=1024&height=1024&nologo=true&seed=73054&model=flux
das_museum	https://image.pollinations.ai/prompt/professional%20realistic%20photograph%2C%20DSLR%2C%20natural%20daylight%2C%20sharp%20focus%2C%20photorealistic%2C%20no%20readable%20text%2C%20no%20watermark%2C%20no%20logo%2C%20a%20grand%20museum%20building%20with%20columns?width=1024&height=1024&nologo=true&seed=73005&model=flux
das_restaurant	https://image.pollinations.ai/prompt/professional%20realistic%20photograph%2C%20DSLR%2C%20natural%20daylight%2C%20sharp%20focus%2C%20photorealistic%2C%20no%20readable%20text%2C%20no%20watermark%2C%20no%20logo%2C%20a%20cozy%20restaurant%20with%20tables%20and%20chairs?width=1024&height=1024&nologo=true&seed=73006&model=flux
der_bahnhof	https://image.pollinations.ai/prompt/professional%20realistic%20photograph%2C%20DSLR%2C%20natural%20daylight%2C%20sharp%20focus%2C%20photorealistic%2C%20no%20readable%20text%2C%20no%20watermark%2C%20no%20logo%2C%20a%20busy%20train%20station%20platform%20with%20a%20train%20waiting?width=1024&height=1024&nologo=true&seed=73007&model=flux
der_bus	https://image.pollinations.ai/prompt/professional%20realistic%20photograph%2C%20DSLR%2C%20natural%20daylight%2C%20sharp%20focus%2C%20photorealistic%2C%20no%20readable%20text%2C%20no%20watermark%2C%20no%20logo%2C%20a%20yellow%20city%20bus%20on%20a%20street?width=1024&height=1024&nologo=true&seed=73008&model=flux
der_flughafen	https://image.pollinations.ai/prompt/professional%20realistic%20photograph%2C%20DSLR%2C%20natural%20daylight%2C%20sharp%20focus%2C%20photorealistic%2C%20no%20readable%20text%2C%20no%20watermark%2C%20no%20logo%2C%20a%20modern%20airport%20terminal%20with%20an%20airplane%20visible%20outside?width=1024&height=1024&nologo=true&seed=73009&model=flux
der_park	https://image.pollinations.ai/prompt/professional%20realistic%20photograph%2C%20DSLR%2C%20natural%20daylight%2C%20sharp%20focus%2C%20photorealistic%2C%20no%20readable%20text%2C%20no%20watermark%2C%20no%20logo%2C%20a%20beautiful%20green%20park%20with%20trees%20and%20a%20path?width=1024&height=1024&nologo=true&seed=73010&model=flux
der_weg	https://image.pollinations.ai/prompt/professional%20realistic%20photograph%2C%20DSLR%2C%20natural%20daylight%2C%20sharp%20focus%2C%20photorealistic%2C%20no%20readable%20text%2C%20no%20watermark%2C%20no%20logo%2C%20a%20path%20through%20a%20field%20or%20forest?width=1024&height=1024&nologo=true&seed=73011&model=flux
der_zug	https://image.pollinations.ai/prompt/professional%20realistic%20photograph%2C%20DSLR%2C%20natural%20daylight%2C%20sharp%20focus%2C%20photorealistic%2C%20no%20readable%20text%2C%20no%20watermark%2C%20no%20logo%2C%20a%20fast%20modern%20train%20on%20railway%20tracks?width=1024&height=1024&nologo=true&seed=73012&model=flux
die_apotheke	https://image.pollinations.ai/prompt/professional%20realistic%20photograph%2C%20DSLR%2C%20natural%20daylight%2C%20sharp%20focus%2C%20photorealistic%2C%20no%20readable%20text%2C%20no%20watermark%2C%20no%20logo%2C%20a%20modern%20pharmacy%20with%20medicine%20shelves?width=1024&height=1024&nologo=true&seed=73013&model=flux
die_bank	https://image.pollinations.ai/prompt/professional%20realistic%20photograph%2C%20DSLR%2C%20natural%20daylight%2C%20sharp%20focus%2C%20photorealistic%2C%20no%20readable%20text%2C%20no%20watermark%2C%20no%20logo%2C%20a%20modern%20bank%20building%20from%20the%20outside?width=1024&height=1024&nologo=true&seed=73014&model=flux
die_ecke	https://image.pollinations.ai/prompt/professional%20realistic%20photograph%2C%20DSLR%2C%20natural%20daylight%2C%20sharp%20focus%2C%20photorealistic%2C%20no%20readable%20text%2C%20no%20watermark%2C%20no%20logo%2C%20a%20street%20corner%20in%20a%20city?width=1024&height=1024&nologo=true&seed=73015&model=flux
die_post	https://image.pollinations.ai/prompt/professional%20realistic%20photograph%2C%20DSLR%2C%20natural%20daylight%2C%20sharp%20focus%2C%20photorealistic%2C%20no%20readable%20text%2C%20no%20watermark%2C%20no%20logo%2C%20a%20post%20office%20building%20with%20yellow%20signs?width=1024&height=1024&nologo=true&seed=73066&model=flux
die_schule	https://image.pollinations.ai/prompt/professional%20realistic%20photograph%2C%20DSLR%2C%20natural%20daylight%2C%20sharp%20focus%2C%20photorealistic%2C%20no%20readable%20text%2C%20no%20watermark%2C%20no%20logo%2C%20a%20school%20building%20with%20a%20playground?width=1024&height=1024&nologo=true&seed=73017&model=flux
die_stadt	https://image.pollinations.ai/prompt/professional%20realistic%20photograph%2C%20DSLR%2C%20natural%20daylight%2C%20sharp%20focus%2C%20photorealistic%2C%20no%20readable%20text%2C%20no%20watermark%2C%20no%20logo%2C%20a%20beautiful%20bustling%20city%20street%20with%20modern%20buildings?width=1024&height=1024&nologo=true&seed=73068&model=flux
die_straße	https://image.pollinations.ai/prompt/professional%20realistic%20photograph%2C%20DSLR%2C%20natural%20daylight%2C%20sharp%20focus%2C%20photorealistic%2C%20no%20readable%20text%2C%20no%20watermark%2C%20no%20logo%2C%20a%20paved%20city%20street%20with%20sidewalks?width=1024&height=1024&nologo=true&seed=73019&model=flux
die_u-bahn	https://image.pollinations.ai/prompt/professional%20realistic%20photograph%2C%20DSLR%2C%20natural%20daylight%2C%20sharp%20focus%2C%20photorealistic%2C%20no%20readable%20text%2C%20no%20watermark%2C%20no%20logo%2C%20an%20underground%20subway%20train%20arriving%20at%20a%20station?width=1024&height=1024&nologo=true&seed=73070&model=flux

das_auto	https://image.pollinations.ai/prompt/professional%20realistic%20photograph%2C%20DSLR%2C%20natural%20daylight%2C%20sharp%20focus%2C%20photorealistic%2C%20no%20readable%20text%2C%20no%20watermark%2C%20no%20logo%2C%20a%20modern%20red%20car%20parked%20on%20a%20street?width=1024&height=1024&nologo=true&seed=73000&model=flux
das_fahrrad	https://image.pollinations.ai/prompt/professional%20realistic%20photograph%2C%20DSLR%2C%20natural%20daylight%2C%20sharp%20focus%2C%20photorealistic%2C%20no%20readable%20text%2C%20no%20watermark%2C%20no%20logo%2C%20a%20modern%20bicycle%20parked%20outdoors?width=1024&height=1024&nologo=true&seed=73001&model=flux
das_flugzeug	https://image.pollinations.ai/prompt/professional%20realistic%20photograph%2C%20DSLR%2C%20natural%20daylight%2C%20sharp%20focus%2C%20photorealistic%2C%20no%20readable%20text%2C%20no%20watermark%2C%20no%20logo%2C%20a%20large%20passenger%20airplane%20flying%20in%20the%20sky?width=1024&height=1024&nologo=true&seed=73002&model=flux
das_hotel	https://image.pollinations.ai/prompt/professional%20realistic%20photograph%2C%20DSLR%2C%20natural%20daylight%2C%20sharp%20focus%2C%20photorealistic%2C%20no%20readable%20text%2C%20no%20watermark%2C%20no%20logo%2C%20a%20luxurious%20hotel%20building%20with%20a%20grand%20entrance?width=1024&height=1024&nologo=true&seed=73003&model=flux
das_krankenhaus	https://image.pollinations.ai/prompt/professional%20realistic%20photograph%2C%20DSLR%2C%20natural%20daylight%2C%20sharp%20focus%2C%20photorealistic%2C%20no%20readable%20text%2C%20no%20watermark%2C%20no%20logo%2C%20a%20modern%20hospital%20building?width=1024&height=1024&nologo=true&seed=73054&model=flux
das_museum	https://image.pollinations.ai/prompt/professional%20realistic%20photograph%2C%20DSLR%2C%20natural%20daylight%2C%20sharp%20focus%2C%20photorealistic%2C%20no%20readable%20text%2C%20no%20watermark%2C%20no%20logo%2C%20a%20grand%20museum%20building%20with%20columns?width=1024&height=1024&nologo=true&seed=73005&model=flux
das_restaurant	https://image.pollinations.ai/prompt/professional%20realistic%20photograph%2C%20DSLR%2C%20natural%20daylight%2C%20sharp%20focus%2C%20photorealistic%2C%20no%20readable%20text%2C%20no%20watermark%2C%20no%20logo%2C%20a%20cozy%20restaurant%20with%20tables%20and%20chairs?width=1024&height=1024&nologo=true&seed=73006&model=flux
der_bahnhof	https://image.pollinations.ai/prompt/professional%20realistic%20photograph%2C%20DSLR%2C%20natural%20daylight%2C%20sharp%20focus%2C%20photorealistic%2C%20no%20readable%20text%2C%20no%20watermark%2C%20no%20logo%2C%20a%20busy%20train%20station%20platform%20with%20a%20train%20waiting?width=1024&height=1024&nologo=true&seed=73007&model=flux
der_bus	https://image.pollinations.ai/prompt/professional%20realistic%20photograph%2C%20DSLR%2C%20natural%20daylight%2C%20sharp%20focus%2C%20photorealistic%2C%20no%20readable%20text%2C%20no%20watermark%2C%20no%20logo%2C%20a%20yellow%20city%20bus%20on%20a%20street?width=1024&height=1024&nologo=true&seed=73008&model=flux
der_flughafen	https://image.pollinations.ai/prompt/professional%20realistic%20photograph%2C%20DSLR%2C%20natural%20daylight%2C%20sharp%20focus%2C%20photorealistic%2C%20no%20readable%20text%2C%20no%20watermark%2C%20no%20logo%2C%20a%20modern%20airport%20terminal%20with%20an%20airplane%20visible%20outside?width=1024&height=1024&nologo=true&seed=73009&model=flux
der_park	https://image.pollinations.ai/prompt/professional%20realistic%20photograph%2C%20DSLR%2C%20natural%20daylight%2C%20sharp%20focus%2C%20photorealistic%2C%20no%20readable%20text%2C%20no%20watermark%2C%20no%20logo%2C%20a%20beautiful%20green%20park%20with%20trees%20and%20a%20path?width=1024&height=1024&nologo=true&seed=73010&model=flux
der_weg	https://image.pollinations.ai/prompt/professional%20realistic%20photograph%2C%20DSLR%2C%20natural%20daylight%2C%20sharp%20focus%2C%20photorealistic%2C%20no%20readable%20text%2C%20no%20watermark%2C%20no%20logo%2C%20a%20path%20through%20a%20field%20or%20forest?width=1024&height=1024&nologo=true&seed=73011&model=flux
der_zug	https://image.pollinations.ai/prompt/professional%20realistic%20photograph%2C%20DSLR%2C%20natural%20daylight%2C%20sharp%20focus%2C%20photorealistic%2C%20no%20readable%20text%2C%20no%20watermark%2C%20no%20logo%2C%20a%20fast%20modern%20train%20on%20railway%20tracks?width=1024&height=1024&nologo=true&seed=73012&model=flux
die_apotheke	https://image.pollinations.ai/prompt/professional%20realistic%20photograph%2C%20DSLR%2C%20natural%20daylight%2C%20sharp%20focus%2C%20photorealistic%2C%20no%20readable%20text%2C%20no%20watermark%2C%20no%20logo%2C%20a%20modern%20pharmacy%20with%20medicine%20shelves?width=1024&height=1024&nologo=true&seed=73013&model=flux
die_bank	https://image.pollinations.ai/prompt/professional%20realistic%20photograph%2C%20DSLR%2C%20natural%20daylight%2C%20sharp%20focus%2C%20photorealistic%2C%20no%20readable%20text%2C%20no%20watermark%2C%20no%20logo%2C%20a%20modern%20bank%20building%20from%20the%20outside?width=1024&height=1024&nologo=true&seed=73014&model=flux
die_ecke	https://image.pollinations.ai/prompt/professional%20realistic%20photograph%2C%20DSLR%2C%20natural%20daylight%2C%20sharp%20focus%2C%20photorealistic%2C%20no%20readable%20text%2C%20no%20watermark%2C%20no%20logo%2C%20a%20street%20corner%20in%20a%20city?width=1024&height=1024&nologo=true&seed=73015&model=flux
die_post	https://image.pollinations.ai/prompt/professional%20realistic%20photograph%2C%20DSLR%2C%20natural%20daylight%2C%20sharp%20focus%2C%20photorealistic%2C%20no%20readable%20text%2C%20no%20watermark%2C%20no%20logo%2C%20a%20post%20office%20building%20with%20yellow%20signs?width=1024&height=1024&nologo=true&seed=73066&model=flux
die_schule	https://image.pollinations.ai/prompt/professional%20realistic%20photograph%2C%20DSLR%2C%20natural%20daylight%2C%20sharp%20focus%2C%20photorealistic%2C%20no%20readable%20text%2C%20no%20watermark%2C%20no%20logo%2C%20a%20school%20building%20with%20a%20playground?width=1024&height=1024&nologo=true&seed=73017&model=flux
die_stadt	https://image.pollinations.ai/prompt/professional%20realistic%20photograph%2C%20DSLR%2C%20natural%20daylight%2C%20sharp%20focus%2C%20photorealistic%2C%20no%20readable%20text%2C%20no%20watermark%2C%20no%20logo%2C%20a%20beautiful%20bustling%20city%20street%20with%20modern%20buildings?width=1024&height=1024&nologo=true&seed=73068&model=flux
die_straße	https://image.pollinations.ai/prompt/professional%20realistic%20photograph%2C%20DSLR%2C%20natural%20daylight%2C%20sharp%20focus%2C%20photorealistic%2C%20no%20readable%20text%2C%20no%20watermark%2C%20no%20logo%2C%20a%20paved%20city%20street%20with%20sidewalks?width=1024&height=1024&nologo=true&seed=73019&model=flux
die_u-bahn	https://image.pollinations.ai/prompt/professional%20realistic%20photograph%2C%20DSLR%2C%20natural%20daylight%2C%20sharp%20focus%2C%20photorealistic%2C%20no%20readable%20text%2C%20no%20watermark%2C%20no%20logo%2C%20an%20underground%20subway%20train%20arriving%20at%20a%20station?width=1024&height=1024&nologo=true&seed=73070&model=flux



der_abend	https://image.pollinations.ai/prompt/professional%20realistic%20photograph%2C%20DSLR%2C%20natural%20daylight%2C%20sharp%20focus%2C%20photorealistic%2C%20no%20readable%20text%2C%20no%20watermark%2C%20no%20logo%2C%20a%20beautiful%20sunset%20over%20a%20city%20skyline%2C%20evening%20colors?width=1024&height=1024&nologo=true&seed=73000&model=flux
der_mittag	https://image.pollinations.ai/prompt/professional%20realistic%20photograph%2C%20DSLR%2C%20natural%20daylight%2C%20sharp%20focus%2C%20photorealistic%2C%20no%20readable%20text%2C%20no%20watermark%2C%20no%20logo%2C%20bright%20midday%20sun%20high%20in%20the%20sky%20over%20a%20town%20square?width=1024&height=1024&nologo=true&seed=73001&model=flux
der_morgen	https://image.pollinations.ai/prompt/professional%20realistic%20photograph%2C%20DSLR%2C%20natural%20daylight%2C%20sharp%20focus%2C%20photorealistic%2C%20no%20readable%20text%2C%20no%20watermark%2C%20no%20logo%2C%20a%20beautiful%20sunrise%20over%20a%20quiet%20landscape%2C%20morning%20light?width=1024&height=1024&nologo=true&seed=73002&model=flux
der_nachmittag	https://image.pollinations.ai/prompt/professional%20realistic%20photograph%2C%20DSLR%2C%20natural%20daylight%2C%20sharp%20focus%2C%20photorealistic%2C%20no%20readable%20text%2C%20no%20watermark%2C%20no%20logo%2C%20golden%20afternoon%20sunlight%20hitting%20a%20park%2C%20people%20relaxing?width=1024&height=1024&nologo=true&seed=73003&model=flux
der_vormittag	https://image.pollinations.ai/prompt/professional%20realistic%20photograph%2C%20DSLR%2C%20natural%20daylight%2C%20sharp%20focus%2C%20photorealistic%2C%20no%20readable%20text%2C%20no%20watermark%2C%20no%20logo%2C%20a%20bright%20late%20morning%20in%20a%20city%2C%20people%20walking%2C%2010%20AM%20sunlight?width=1024&height=1024&nologo=true&seed=73004&model=flux
die_minute	https://image.pollinations.ai/prompt/professional%20realistic%20photograph%2C%20DSLR%2C%20natural%20daylight%2C%20sharp%20focus%2C%20photorealistic%2C%20no%20readable%20text%2C%20no%20watermark%2C%20no%20logo%2C%20a%20modern%20digital%20stopwatch%20or%20timer%20showing%20seconds%20and%20minutes?width=1024&height=1024&nologo=true&seed=73005&model=flux
die_nacht	https://image.pollinations.ai/prompt/professional%20realistic%20photograph%2C%20DSLR%2C%20natural%20daylight%2C%20sharp%20focus%2C%20photorealistic%2C%20no%20readable%20text%2C%20no%20watermark%2C%20no%20logo%2C%20a%20dark%20night%20sky%20with%20a%20bright%20moon%20and%20stars%20over%20a%20quiet%20house?width=1024&height=1024&nologo=true&seed=73006&model=flux
die_uhr	https://image.pollinations.ai/prompt/professional%20realistic%20photograph%2C%20DSLR%2C%20natural%20daylight%2C%20sharp%20focus%2C%20photorealistic%2C%20no%20readable%20text%2C%20no%20watermark%2C%20no%20logo%2C%20a%20classic%20wall%20clock%20showing%20the%20time%2C%20close%20up?width=1024&height=1024&nologo=true&seed=73007&model=flux
